Restaurants Name,price,category,address,website,rating,total ratings,day,1 AM,1 AM status,2 AM,2 AM status,3 AM,3 AM status,4 AM,4 AM status,5 AM,5 AM status,6 AM,6 AM status,7 AM,7 AM status,8 AM,8 AM status,9 AM,9 AM status,10 AM,10 AM status,11 AM,11 AM status,12 PM,12 PM status,1 PM,1 PM status,2 PM,2 PM status,3 PM,3 PM status,4 PM,4 PM status,5 PM,5 PM status,6 PM,6 PM status,7 PM,7 PM status,8 PM,8 PM stauts,9 PM,9 PM status,10 PM,10 PM status,11 PM,11 PM status,12 AM,12 AM status
Outback Steakhouse,$$,Steak house,"1761 N Victory Pl, Burbank, CA 91502",http://www.outback.com/locations/ca/burbank,4.2,819,Monday,N/A,N/A,N/A,N/A,N/A,N/A,N/A,N/A,N/A,N/A,N/A,N/A,N/A,N/A,N/A,N/A,N/A,N/A,N/A,N/A,5,Usually not busy,10,Usually not busy,14,Usually not busy,15,Usually not too busy,14,Usually not busy,14,Usually not busy,21,Usually not too busy,32,Usually not too busy,38,Usually a little busy,34,Usually not too busy,21,Usually not too busy,N/A,N/A,N/A,N/A,N/A,N/A
Outback Steakhouse,$$,Steak house,"1761 N Victory Pl, Burbank, CA 91502",http://www.outback.com/locations/ca/burbank,4.2,819,Tuesday,N/A,N/A,N/A,N/A,N/A,N/A,N/A,N/A,N/A,N/A,N/A,N/A,N/A,N/A,N/A,N/A,N/A,N/A,N/A,N/A,3,Usually not busy,12,Usually not busy,19,Usually not too busy,14,Usually not busy,8,Usually not busy,11,Usually not busy,22,Usually not too busy,33,Usually not too busy,36,Usually not too busy,29,Usually not too busy,16,Usually not too busy,N/A,N/A,N/A,N/A,N/A,N/A
Outback Steakhouse,$$,Steak house,"1761 N Victory Pl, Burbank, CA 91502",http://www.outback.com/locations/ca/burbank,4.2,819,Wednesday,N/A,N/A,N/A,N/A,N/A,N/A,N/A,N/A,N/A,N/A,N/A,N/A,N/A,N/A,N/A,N/A,N/A,N/A,N/A,N/A,7,Usually not busy,14,Usually not busy,17,Usually not too busy,14,Usually not busy,10,Usually not busy,11,Usually not busy,21,Usually not too busy,38,Usually a little busy,48,Usually a little busy,43,Usually a little busy,26,Usually not too busy,N/A,N/A,N/A,N/A,N/A,N/A
Outback Steakhouse,$$,Steak house,"1761 N Victory Pl, Burbank, CA 91502",http://www.outback.com/locations/ca/burbank,4.2,819,Thursday,N/A,N/A,N/A,N/A,N/A,N/A,N/A,N/A,N/A,N/A,N/A,N/A,N/A,N/A,N/A,N/A,N/A,N/A,N/A,N/A,3,Usually not busy,10,Usually not busy,14,Usually not busy,14,Usually not busy,11,Usually not busy,14,Usually not busy,25,Usually not too busy,38,Usually a little busy,45,Usually a little busy,39,Usually a little busy,25,Usually not too busy,N/A,N/A,N/A,N/A,N/A,N/A
Outback Steakhouse,$$,Steak house,"1761 N Victory Pl, Burbank, CA 91502",http://www.outback.com/locations/ca/burbank,4.2,819,Friday,N/A,N/A,N/A,N/A,N/A,N/A,N/A,N/A,N/A,N/A,N/A,N/A,N/A,N/A,N/A,N/A,N/A,N/A,N/A,N/A,5,Usually not busy,9,Usually not busy,13,Usually not busy,14,Usually not busy,14,Usually not busy,17,Usually not too busy,29,Usually not too busy,50,Usually a little busy,68,Usually as busy as it gets,72,Usually as busy as it gets,59,Usually not too busy,37,Usually not too busy,N/A,N/A,N/A,N/A
Outback Steakhouse,$$,Steak house,"1761 N Victory Pl, Burbank, CA 91502",http://www.outback.com/locations/ca/burbank,4.2,819,Saturday,N/A,N/A,N/A,N/A,N/A,N/A,N/A,N/A,N/A,N/A,N/A,N/A,N/A,N/A,N/A,N/A,N/A,N/A,N/A,N/A,3,Usually not busy,10,Usually not busy,21,Usually not too busy,31,Usually not too busy,39,Usually a little busy,42,Usually a little busy,51,Usually a little busy,64,Usually as busy as it gets,75,Usually as busy as it gets,70,Usually as busy as it gets,51,Usually not too busy,29,Usually not too busy,N/A,N/A,N/A,N/A
Outback Steakhouse,$$,Steak house,"1761 N Victory Pl, Burbank, CA 91502",http://www.outback.com/locations/ca/burbank,4.2,819,Sunday,N/A,N/A,N/A,N/A,N/A,N/A,N/A,N/A,N/A,N/A,N/A,N/A,N/A,N/A,N/A,N/A,N/A,N/A,N/A,N/A,7,Usually not busy,20,Usually not too busy,35,Usually not too busy,41,Usually a little busy,39,Usually a little busy,47,Usually a little busy,65,Usually as busy as it gets,74,Usually as busy as it gets,69,Usually as busy as it gets,56,Usually not too busy,35,Usually not too busy,N/A,N/A,N/A,N/A,N/A,N/A
Bacchus' Kitchen,$$,Restaurant,"1384 E Washington Blvd, Pasadena, CA 91104",https://www.restaurantpasadenaca.com/,4.6,78,Monday,N/A,N/A,N/A,N/A,N/A,N/A,N/A,N/A,N/A,N/A,N/A,N/A,N/A,N/A,N/A,N/A,N/A,N/A,N/A,N/A,N/A,N/A,N/A,N/A,N/A,N/A,N/A,N/A,N/A,N/A,N/A,N/A,12,Usually not busy,27,Usually not too busy,41,Usually a little busy,38,Usually a little busy,21,Usually not too busy,N/A,N/A,N/A,N/A,N/A,N/A
Bacchus' Kitchen,$$,Restaurant,"1384 E Washington Blvd, Pasadena, CA 91104",https://www.restaurantpasadenaca.com/,4.6,78,Tuesday,N/A,N/A,N/A,N/A,N/A,N/A,N/A,N/A,N/A,N/A,N/A,N/A,N/A,N/A,N/A,N/A,N/A,N/A,N/A,N/A,N/A,N/A,N/A,N/A,N/A,N/A,N/A,N/A,N/A,N/A,N/A,N/A,20,Usually not too busy,32,Usually not too busy,39,Usually a little busy,34,Usually not too busy,20,Usually not too busy,N/A,N/A,N/A,N/A,N/A,N/A
Bacchus' Kitchen,$$,Restaurant,"1384 E Washington Blvd, Pasadena, CA 91104",https://www.restaurantpasadenaca.com/,4.6,78,Wednesday,N/A,N/A,N/A,N/A,N/A,N/A,N/A,N/A,N/A,N/A,N/A,N/A,N/A,N/A,N/A,N/A,N/A,N/A,N/A,N/A,N/A,N/A,N/A,N/A,N/A,N/A,N/A,N/A,N/A,N/A,N/A,N/A,26,Usually not too busy,49,Usually a little busy,63,Usually as busy as it gets,56,Usually a little busy,32,Usually not too busy,N/A,N/A,N/A,N/A,N/A,N/A
Bacchus' Kitchen,$$,Restaurant,"1384 E Washington Blvd, Pasadena, CA 91104",https://www.restaurantpasadenaca.com/,4.6,78,Thursday,N/A,N/A,N/A,N/A,N/A,N/A,N/A,N/A,N/A,N/A,N/A,N/A,N/A,N/A,N/A,N/A,N/A,N/A,N/A,N/A,N/A,N/A,N/A,N/A,N/A,N/A,N/A,N/A,N/A,N/A,N/A,N/A,29,Usually not too busy,59,Usually a little busy,75,Usually as busy as it gets,57,Usually a little busy,26,Usually not too busy,N/A,N/A,N/A,N/A,N/A,N/A
Bacchus' Kitchen,$$,Restaurant,"1384 E Washington Blvd, Pasadena, CA 91104",https://www.restaurantpasadenaca.com/,4.6,78,Friday,N/A,N/A,N/A,N/A,N/A,N/A,N/A,N/A,N/A,N/A,N/A,N/A,N/A,N/A,N/A,N/A,N/A,N/A,N/A,N/A,N/A,N/A,N/A,N/A,N/A,N/A,N/A,N/A,N/A,N/A,N/A,N/A,42,Usually a little busy,61,Usually as busy as it gets,71,Usually as busy as it gets,65,Usually as busy as it gets,45,Usually a little busy,N/A,N/A,N/A,N/A,N/A,N/A
Bacchus' Kitchen,$$,Restaurant,"1384 E Washington Blvd, Pasadena, CA 91104",https://www.restaurantpasadenaca.com/,4.6,78,Saturday,N/A,N/A,N/A,N/A,N/A,N/A,N/A,N/A,N/A,N/A,N/A,N/A,N/A,N/A,N/A,N/A,N/A,N/A,N/A,N/A,N/A,N/A,N/A,N/A,N/A,N/A,N/A,N/A,N/A,N/A,N/A,N/A,N/A,N/A,N/A,N/A,N/A,N/A,N/A,N/A,N/A,N/A,N/A,N/A,N/A,N/A,N/A,N/A
Bacchus' Kitchen,$$,Restaurant,"1384 E Washington Blvd, Pasadena, CA 91104",https://www.restaurantpasadenaca.com/,4.6,78,Sunday,N/A,N/A,N/A,N/A,N/A,N/A,N/A,N/A,N/A,N/A,N/A,N/A,N/A,N/A,N/A,N/A,N/A,N/A,N/A,N/A,N/A,N/A,N/A,N/A,N/A,N/A,N/A,N/A,N/A,N/A,N/A,N/A,N/A,N/A,N/A,N/A,N/A,N/A,N/A,N/A,N/A,N/A,N/A,N/A,N/A,N/A,N/A,N/A
Byblos Mediterranean Bakery and Pizza,$,Mediterranean restaurant,"2948 Foothill Blvd, La Crescenta, CA 91214",http://byblosmb.com/,4.7,245,Monday,N/A,N/A,N/A,N/A,N/A,N/A,N/A,N/A,N/A,N/A,N/A,N/A,N/A,N/A,N/A,N/A,6,Usually not busy,14,Usually not busy,23,Usually not too busy,29,Usually not too busy,30,Usually not too busy,25,Usually not too busy,17,Usually not too busy,11,Usually not busy,18,Usually not too busy,27,Usually not too busy,18,Usually not too busy,N/A,N/A,N/A,N/A,N/A,N/A,N/A,N/A,N/A,N/A
Byblos Mediterranean Bakery and Pizza,$,Mediterranean restaurant,"2948 Foothill Blvd, La Crescenta, CA 91214",http://byblosmb.com/,4.7,245,Tuesday,N/A,N/A,N/A,N/A,N/A,N/A,N/A,N/A,N/A,N/A,N/A,N/A,N/A,N/A,N/A,N/A,6,Usually not busy,15,Usually not too busy,29,Usually not too busy,38,Usually a little busy,35,Usually not too busy,23,Usually not too busy,14,Usually not busy,11,Usually not busy,12,Usually not busy,17,Usually not too busy,21,Usually not too busy,N/A,N/A,N/A,N/A,N/A,N/A,N/A,N/A,N/A,N/A
Byblos Mediterranean Bakery and Pizza,$,Mediterranean restaurant,"2948 Foothill Blvd, La Crescenta, CA 91214",http://byblosmb.com/,4.7,245,Wednesday,N/A,N/A,N/A,N/A,N/A,N/A,N/A,N/A,N/A,N/A,N/A,N/A,N/A,N/A,N/A,N/A,11,Usually not busy,20,Usually not too busy,29,Usually not too busy,32,Usually not too busy,27,Usually not too busy,19,Usually not too busy,16,Usually not too busy,24,Usually not too busy,36,Usually not too busy,38,Usually a little busy,25,Usually not too busy,N/A,N/A,N/A,N/A,N/A,N/A,N/A,N/A,N/A,N/A
Byblos Mediterranean Bakery and Pizza,$,Mediterranean restaurant,"2948 Foothill Blvd, La Crescenta, CA 91214",http://byblosmb.com/,4.7,245,Thursday,N/A,N/A,N/A,N/A,N/A,N/A,N/A,N/A,N/A,N/A,N/A,N/A,N/A,N/A,N/A,N/A,6,Usually not busy,13,Usually not busy,24,Usually not too busy,37,Usually not too busy,44,Usually a little busy,38,Usually a little busy,23,Usually not too busy,15,Usually not too busy,20,Usually not too busy,26,Usually not too busy,18,Usually not too busy,N/A,N/A,N/A,N/A,N/A,N/A,N/A,N/A,N/A,N/A
Byblos Mediterranean Bakery and Pizza,$,Mediterranean restaurant,"2948 Foothill Blvd, La Crescenta, CA 91214",http://byblosmb.com/,4.7,245,Friday,N/A,N/A,N/A,N/A,N/A,N/A,N/A,N/A,N/A,N/A,N/A,N/A,N/A,N/A,N/A,N/A,27,Usually not too busy,33,Usually not too busy,31,Usually not too busy,50,Usually a little busy,56,Usually a little busy,39,Usually a little busy,27,Usually not too busy,33,Usually not too busy,38,Usually a little busy,29,Usually not too busy,13,Usually not busy,N/A,N/A,N/A,N/A,N/A,N/A,N/A,N/A,N/A,N/A
Byblos Mediterranean Bakery and Pizza,$,Mediterranean restaurant,"2948 Foothill Blvd, La Crescenta, CA 91214",http://byblosmb.com/,4.7,245,Saturday,N/A,N/A,N/A,N/A,N/A,N/A,N/A,N/A,N/A,N/A,N/A,N/A,N/A,N/A,N/A,N/A,14,Usually not busy,35,Usually not too busy,46,Usually a little busy,39,Usually a little busy,47,Usually a little busy,75,Usually as busy as it gets,60,Usually as busy as it gets,N/A,N/A,N/A,N/A,N/A,N/A,N/A,N/A,N/A,N/A,N/A,N/A,N/A,N/A,N/A,N/A,N/A,N/A
Byblos Mediterranean Bakery and Pizza,$,Mediterranean restaurant,"2948 Foothill Blvd, La Crescenta, CA 91214",http://byblosmb.com/,4.7,245,Sunday,N/A,N/A,N/A,N/A,N/A,N/A,N/A,N/A,N/A,N/A,N/A,N/A,N/A,N/A,N/A,N/A,N/A,N/A,N/A,N/A,N/A,N/A,N/A,N/A,N/A,N/A,N/A,N/A,N/A,N/A,N/A,N/A,N/A,N/A,N/A,N/A,N/A,N/A,N/A,N/A,N/A,N/A,N/A,N/A,N/A,N/A,N/A,N/A
House of Joy,N/A,Chinese restaurant,"3220 Foothill Blvd, La Crescenta, CA 91214",http://houseofjoychinese.com/,4.1,145,Monday,N/A,N/A,N/A,N/A,N/A,N/A,N/A,N/A,N/A,N/A,N/A,N/A,N/A,N/A,N/A,N/A,N/A,N/A,N/A,N/A,17,Usually not too busy,38,Usually not too busy,34,Usually not too busy,13,Usually not busy,1,Usually not busy,2,Usually not busy,11,Usually not busy,29,Usually not too busy,42,Usually a little busy,32,Usually not too busy,13,Usually not busy,N/A,N/A,N/A,N/A,N/A,N/A
House of Joy,N/A,Chinese restaurant,"3220 Foothill Blvd, La Crescenta, CA 91214",http://houseofjoychinese.com/,4.1,145,Tuesday,N/A,N/A,N/A,N/A,N/A,N/A,N/A,N/A,N/A,N/A,N/A,N/A,N/A,N/A,N/A,N/A,N/A,N/A,N/A,N/A,14,Usually not busy,45,Usually a little busy,47,Usually a little busy,17,Usually not too busy,2,Usually not busy,2,Usually not busy,10,Usually not busy,28,Usually not too busy,41,Usually a little busy,32,Usually not too busy,13,Usually not busy,N/A,N/A,N/A,N/A,N/A,N/A
House of Joy,N/A,Chinese restaurant,"3220 Foothill Blvd, La Crescenta, CA 91214",http://houseofjoychinese.com/,4.1,145,Wednesday,N/A,N/A,N/A,N/A,N/A,N/A,N/A,N/A,N/A,N/A,N/A,N/A,N/A,N/A,N/A,N/A,N/A,N/A,N/A,N/A,1,Usually not busy,24,Usually not too busy,71,Usually as busy as it gets,18,Usually not too busy,1,Usually not busy,7,Usually not busy,22,Usually not too busy,40,Usually a little busy,42,Usually a little busy,26,Usually not too busy,9,Usually not busy,N/A,N/A,N/A,N/A,N/A,N/A
House of Joy,N/A,Chinese restaurant,"3220 Foothill Blvd, La Crescenta, CA 91214",http://houseofjoychinese.com/,4.1,145,Thursday,N/A,N/A,N/A,N/A,N/A,N/A,N/A,N/A,N/A,N/A,N/A,N/A,N/A,N/A,N/A,N/A,N/A,N/A,N/A,N/A,15,Usually not too busy,28,Usually not too busy,29,Usually not too busy,19,Usually not too busy,9,Usually not busy,11,Usually not busy,28,Usually not too busy,47,Usually a little busy,47,Usually a little busy,27,Usually not too busy,9,Usually not busy,N/A,N/A,N/A,N/A,N/A,N/A
House of Joy,N/A,Chinese restaurant,"3220 Foothill Blvd, La Crescenta, CA 91214",http://houseofjoychinese.com/,4.1,145,Friday,N/A,N/A,N/A,N/A,N/A,N/A,N/A,N/A,N/A,N/A,N/A,N/A,N/A,N/A,N/A,N/A,N/A,N/A,N/A,N/A,8,Usually not busy,20,Usually not too busy,31,Usually not too busy,27,Usually not too busy,13,Usually not busy,5,Usually not busy,14,Usually not busy,47,Usually a little busy,75,Usually as busy as it gets,58,Usually a little busy,20,Usually not too busy,N/A,N/A,N/A,N/A,N/A,N/A
House of Joy,N/A,Chinese restaurant,"3220 Foothill Blvd, La Crescenta, CA 91214",http://houseofjoychinese.com/,4.1,145,Saturday,N/A,N/A,N/A,N/A,N/A,N/A,N/A,N/A,N/A,N/A,N/A,N/A,N/A,N/A,N/A,N/A,N/A,N/A,N/A,N/A,15,Usually not too busy,46,Usually a little busy,51,Usually a little busy,36,Usually not too busy,20,Usually not too busy,27,Usually not too busy,43,Usually a little busy,50,Usually a little busy,38,Usually a little busy,18,Usually not too busy,5,Usually not busy,N/A,N/A,N/A,N/A,N/A,N/A
House of Joy,N/A,Chinese restaurant,"3220 Foothill Blvd, La Crescenta, CA 91214",http://houseofjoychinese.com/,4.1,145,Sunday,N/A,N/A,N/A,N/A,N/A,N/A,N/A,N/A,N/A,N/A,N/A,N/A,N/A,N/A,N/A,N/A,N/A,N/A,N/A,N/A,16,Usually not too busy,34,Usually not too busy,38,Usually a little busy,25,Usually not too busy,18,Usually not too busy,32,Usually not too busy,56,Usually a little busy,71,Usually as busy as it gets,63,Usually as busy as it gets,39,Usually a little busy,17,Usually not too busy,N/A,N/A,N/A,N/A,N/A,N/A
Basin 141,$$,New American restaurant,"2265 Honolulu Ave, Montrose, CA 91020",http://www.basin141.com/,4.5,304,Monday,N/A,N/A,N/A,N/A,N/A,N/A,N/A,N/A,N/A,N/A,N/A,N/A,N/A,N/A,N/A,N/A,N/A,N/A,N/A,N/A,N/A,N/A,N/A,N/A,N/A,N/A,N/A,N/A,14,Usually not busy,26,Usually not too busy,37,Usually not too busy,41,Usually a little busy,43,Usually a little busy,41,Usually a little busy,33,Usually not too busy,20,Usually not too busy,8,Usually not busy,N/A,N/A
Basin 141,$$,New American restaurant,"2265 Honolulu Ave, Montrose, CA 91020",http://www.basin141.com/,4.5,304,Tuesday,N/A,N/A,N/A,N/A,N/A,N/A,N/A,N/A,N/A,N/A,N/A,N/A,N/A,N/A,N/A,N/A,N/A,N/A,N/A,N/A,N/A,N/A,N/A,N/A,N/A,N/A,N/A,N/A,11,Usually not busy,24,Usually not too busy,38,Usually a little busy,39,Usually a little busy,32,Usually not too busy,27,Usually not too busy,26,Usually not too busy,21,Usually not too busy,10,Usually not busy,N/A,N/A
Basin 141,$$,New American restaurant,"2265 Honolulu Ave, Montrose, CA 91020",http://www.basin141.com/,4.5,304,Wednesday,N/A,N/A,N/A,N/A,N/A,N/A,N/A,N/A,N/A,N/A,N/A,N/A,N/A,N/A,N/A,N/A,N/A,N/A,N/A,N/A,N/A,N/A,N/A,N/A,N/A,N/A,N/A,N/A,24,Usually not too busy,39,Usually a little busy,53,Usually a little busy,59,Usually a little busy,56,Usually a little busy,51,Usually a little busy,58,Usually a little busy,43,Usually a little busy,12,Usually not busy,N/A,N/A
Basin 141,$$,New American restaurant,"2265 Honolulu Ave, Montrose, CA 91020",http://www.basin141.com/,4.5,304,Thursday,N/A,N/A,N/A,N/A,N/A,N/A,N/A,N/A,N/A,N/A,N/A,N/A,N/A,N/A,N/A,N/A,N/A,N/A,N/A,N/A,N/A,N/A,N/A,N/A,N/A,N/A,N/A,N/A,11,Usually not busy,25,Usually not too busy,44,Usually a little busy,63,Usually as busy as it gets,75,Usually as busy as it gets,73,Usually as busy as it gets,59,Usually a little busy,39,Usually a little busy,21,Usually not too busy,N/A,N/A
Basin 141,$$,New American restaurant,"2265 Honolulu Ave, Montrose, CA 91020",http://www.basin141.com/,4.5,304,Friday,10,Usually not busy,N/A,N/A,N/A,N/A,N/A,N/A,N/A,N/A,N/A,N/A,N/A,N/A,N/A,N/A,N/A,N/A,N/A,N/A,N/A,N/A,12,Usually not busy,20,Usually not too busy,29,Usually not too busy,38,Usually a little busy,48,Usually a little busy,58,Usually a little busy,66,Usually as busy as it gets,65,Usually as busy as it gets,57,Usually a little busy,55,Usually a little busy,60,Usually as busy as it gets,54,Usually a little busy,31,Usually not too busy
Basin 141,$$,New American restaurant,"2265 Honolulu Ave, Montrose, CA 91020",http://www.basin141.com/,4.5,304,Saturday,17,Usually not too busy,N/A,N/A,N/A,N/A,N/A,N/A,N/A,N/A,N/A,N/A,N/A,N/A,N/A,N/A,N/A,N/A,N/A,N/A,11,Usually not busy,18,Usually not too busy,26,Usually not too busy,33,Usually not too busy,38,Usually a little busy,41,Usually a little busy,41,Usually a little busy,43,Usually a little busy,48,Usually a little busy,59,Usually a little busy,70,Usually as busy as it gets,70,Usually as busy as it gets,56,Usually a little busy,36,Usually not too busy
Basin 141,$$,New American restaurant,"2265 Honolulu Ave, Montrose, CA 91020",http://www.basin141.com/,4.5,304,Sunday,N/A,N/A,N/A,N/A,N/A,N/A,N/A,N/A,N/A,N/A,N/A,N/A,N/A,N/A,N/A,N/A,N/A,N/A,8,Usually not busy,20,Usually not too busy,34,Usually not too busy,50,Usually a little busy,62,Usually as busy as it gets,68,Usually as busy as it gets,71,Usually as busy as it gets,66,Usually as busy as it gets,54,Usually a little busy,43,Usually a little busy,41,Usually a little busy,33,Usually not too busy,N/A,N/A,N/A,N/A,N/A,N/A
Nanuri Snack,$,Korean restaurant,"3051 Foothill Blvd, La Crescenta, CA 91214","https://www.google.com/search?q=restaurants+near+me&npsic=0&rflfq=1&rlha=0&rllag=34217638,-118238355,1702&tbm=lcl&ved=2ahUKEwjs8PKTipPiAhUEKa0KHRsuAK4QjGp6BAgLEFE&tbs=lrf:!2m1!1e2!2m1!1e5!2m1!1e3!3sIAEqAlVT,lf:1,lf_ui:9&rldoc=1#",4.3,23,Monday,N/A,N/A,N/A,N/A,N/A,N/A,N/A,N/A,N/A,N/A,N/A,N/A,N/A,N/A,N/A,N/A,N/A,N/A,8,Usually not busy,10,Usually not busy,15,Usually not busy,17,Usually not too busy,15,Usually not busy,10,Usually not busy,8,Usually not busy,15,Usually not busy,25,Usually not too busy,38,Usually not too busy,N/A,N/A,N/A,N/A,N/A,N/A,N/A,N/A,N/A,N/A
Nanuri Snack,$,Korean restaurant,"3051 Foothill Blvd, La Crescenta, CA 91214","https://www.google.com/search?q=restaurants+near+me&npsic=0&rflfq=1&rlha=0&rllag=34217638,-118238355,1702&tbm=lcl&ved=2ahUKEwjs8PKTipPiAhUEKa0KHRsuAK4QjGp6BAgLEFE&tbs=lrf:!2m1!1e2!2m1!1e5!2m1!1e3!3sIAEqAlVT,lf:1,lf_ui:9&rldoc=1#",4.3,23,Tuesday,N/A,N/A,N/A,N/A,N/A,N/A,N/A,N/A,N/A,N/A,N/A,N/A,N/A,N/A,N/A,N/A,N/A,N/A,10,Usually not busy,12,Usually not busy,15,Usually not busy,17,Usually not too busy,15,Usually not busy,12,Usually not busy,10,Usually not busy,5,Usually not busy,10,Usually not busy,38,Usually not too busy,N/A,N/A,N/A,N/A,N/A,N/A,N/A,N/A,N/A,N/A
Nanuri Snack,$,Korean restaurant,"3051 Foothill Blvd, La Crescenta, CA 91214","https://www.google.com/search?q=restaurants+near+me&npsic=0&rflfq=1&rlha=0&rllag=34217638,-118238355,1702&tbm=lcl&ved=2ahUKEwjs8PKTipPiAhUEKa0KHRsuAK4QjGp6BAgLEFE&tbs=lrf:!2m1!1e2!2m1!1e5!2m1!1e3!3sIAEqAlVT,lf:1,lf_ui:9&rldoc=1#",4.3,23,Wednesday,N/A,N/A,N/A,N/A,N/A,N/A,N/A,N/A,N/A,N/A,N/A,N/A,N/A,N/A,N/A,N/A,N/A,N/A,20,Usually not too busy,32,Usually not too busy,40,Usually a little busy,38,Usually not too busy,32,Usually not too busy,30,Usually not too busy,32,Usually not too busy,30,Usually not too busy,25,Usually not too busy,27,Usually not too busy,N/A,N/A,N/A,N/A,N/A,N/A,N/A,N/A,N/A,N/A
Nanuri Snack,$,Korean restaurant,"3051 Foothill Blvd, La Crescenta, CA 91214","https://www.google.com/search?q=restaurants+near+me&npsic=0&rflfq=1&rlha=0&rllag=34217638,-118238355,1702&tbm=lcl&ved=2ahUKEwjs8PKTipPiAhUEKa0KHRsuAK4QjGp6BAgLEFE&tbs=lrf:!2m1!1e2!2m1!1e5!2m1!1e3!3sIAEqAlVT,lf:1,lf_ui:9&rldoc=1#",4.3,23,Thursday,N/A,N/A,N/A,N/A,N/A,N/A,N/A,N/A,N/A,N/A,N/A,N/A,N/A,N/A,N/A,N/A,N/A,N/A,2,Usually not busy,2,Usually not busy,2,Usually not busy,15,Usually not busy,20,Usually not too busy,12,Usually not busy,8,Usually not busy,12,Usually not busy,27,Usually not too busy,42,Usually a little busy,N/A,N/A,N/A,N/A,N/A,N/A,N/A,N/A,N/A,N/A
Nanuri Snack,$,Korean restaurant,"3051 Foothill Blvd, La Crescenta, CA 91214","https://www.google.com/search?q=restaurants+near+me&npsic=0&rflfq=1&rlha=0&rllag=34217638,-118238355,1702&tbm=lcl&ved=2ahUKEwjs8PKTipPiAhUEKa0KHRsuAK4QjGp6BAgLEFE&tbs=lrf:!2m1!1e2!2m1!1e5!2m1!1e3!3sIAEqAlVT,lf:1,lf_ui:9&rldoc=1#",4.3,23,Friday,N/A,N/A,N/A,N/A,N/A,N/A,N/A,N/A,N/A,N/A,N/A,N/A,N/A,N/A,N/A,N/A,N/A,N/A,20,Usually not too busy,25,Usually not too busy,40,Usually a little busy,35,Usually not too busy,17,Usually not too busy,10,Usually not busy,15,Usually not busy,23,Usually not too busy,30,Usually not too busy,32,Usually not too busy,N/A,N/A,N/A,N/A,N/A,N/A,N/A,N/A,N/A,N/A
Nanuri Snack,$,Korean restaurant,"3051 Foothill Blvd, La Crescenta, CA 91214","https://www.google.com/search?q=restaurants+near+me&npsic=0&rflfq=1&rlha=0&rllag=34217638,-118238355,1702&tbm=lcl&ved=2ahUKEwjs8PKTipPiAhUEKa0KHRsuAK4QjGp6BAgLEFE&tbs=lrf:!2m1!1e2!2m1!1e5!2m1!1e3!3sIAEqAlVT,lf:1,lf_ui:9&rldoc=1#",4.3,23,Saturday,N/A,N/A,N/A,N/A,N/A,N/A,N/A,N/A,N/A,N/A,N/A,N/A,N/A,N/A,N/A,N/A,N/A,N/A,2,Usually not busy,15,Usually not busy,32,Usually not too busy,57,Usually a little busy,72,Usually as busy as it gets,75,Usually as busy as it gets,62,Usually as busy as it gets,39,Usually a little busy,19,Usually not too busy,4,Usually not busy,N/A,N/A,N/A,N/A,N/A,N/A,N/A,N/A,N/A,N/A
Nanuri Snack,$,Korean restaurant,"3051 Foothill Blvd, La Crescenta, CA 91214","https://www.google.com/search?q=restaurants+near+me&npsic=0&rflfq=1&rlha=0&rllag=34217638,-118238355,1702&tbm=lcl&ved=2ahUKEwjs8PKTipPiAhUEKa0KHRsuAK4QjGp6BAgLEFE&tbs=lrf:!2m1!1e2!2m1!1e5!2m1!1e3!3sIAEqAlVT,lf:1,lf_ui:9&rldoc=1#",4.3,23,Sunday,N/A,N/A,N/A,N/A,N/A,N/A,N/A,N/A,N/A,N/A,N/A,N/A,N/A,N/A,N/A,N/A,N/A,N/A,N/A,N/A,N/A,N/A,N/A,N/A,N/A,N/A,N/A,N/A,N/A,N/A,N/A,N/A,N/A,N/A,N/A,N/A,N/A,N/A,N/A,N/A,N/A,N/A,N/A,N/A,N/A,N/A,N/A,N/A
AJ Noodles,N/A,Restaurant,"4121 Pennsylvania Ave, Glendale, CA 91214","https://www.google.com/search?q=restaurants+near+me&npsic=0&rflfq=1&rlha=0&rllag=34217638,-118238355,1702&tbm=lcl&ved=2ahUKEwjs8PKTipPiAhUEKa0KHRsuAK4QjGp6BAgLEFE&tbs=lrf:!2m1!1e2!2m1!1e5!2m1!1e3!3sIAEqAlVT,lf:1,lf_ui:9&rldoc=1#",4.4,95,Monday,N/A,N/A,N/A,N/A,N/A,N/A,N/A,N/A,N/A,N/A,N/A,N/A,N/A,N/A,N/A,N/A,N/A,N/A,N/A,N/A,9,Usually not busy,32,Usually not too busy,38,Usually a little busy,23,Usually not too busy,15,Usually not too busy,15,Usually not too busy,17,Usually not too busy,44,Usually a little busy,69,Usually as busy as it gets,19,Usually not too busy,N/A,N/A,N/A,N/A,N/A,N/A,N/A,N/A
AJ Noodles,N/A,Restaurant,"4121 Pennsylvania Ave, Glendale, CA 91214","https://www.google.com/search?q=restaurants+near+me&npsic=0&rflfq=1&rlha=0&rllag=34217638,-118238355,1702&tbm=lcl&ved=2ahUKEwjs8PKTipPiAhUEKa0KHRsuAK4QjGp6BAgLEFE&tbs=lrf:!2m1!1e2!2m1!1e5!2m1!1e3!3sIAEqAlVT,lf:1,lf_ui:9&rldoc=1#",4.4,95,Tuesday,N/A,N/A,N/A,N/A,N/A,N/A,N/A,N/A,N/A,N/A,N/A,N/A,N/A,N/A,N/A,N/A,N/A,N/A,N/A,N/A,5,Usually not busy,20,Usually not too busy,26,Usually not too busy,17,Usually not too busy,14,Usually not busy,18,Usually not too busy,15,Usually not too busy,18,Usually not too busy,44,Usually a little busy,14,Usually not busy,N/A,N/A,N/A,N/A,N/A,N/A,N/A,N/A
AJ Noodles,N/A,Restaurant,"4121 Pennsylvania Ave, Glendale, CA 91214","https://www.google.com/search?q=restaurants+near+me&npsic=0&rflfq=1&rlha=0&rllag=34217638,-118238355,1702&tbm=lcl&ved=2ahUKEwjs8PKTipPiAhUEKa0KHRsuAK4QjGp6BAgLEFE&tbs=lrf:!2m1!1e2!2m1!1e5!2m1!1e3!3sIAEqAlVT,lf:1,lf_ui:9&rldoc=1#",4.4,95,Wednesday,N/A,N/A,N/A,N/A,N/A,N/A,N/A,N/A,N/A,N/A,N/A,N/A,N/A,N/A,N/A,N/A,N/A,N/A,N/A,N/A,19,Usually not too busy,29,Usually not too busy,29,Usually not too busy,25,Usually not too busy,15,Usually not too busy,5,Usually not busy,11,Usually not busy,38,Usually not too busy,48,Usually a little busy,22,Usually not too busy,N/A,N/A,N/A,N/A,N/A,N/A,N/A,N/A
AJ Noodles,N/A,Restaurant,"4121 Pennsylvania Ave, Glendale, CA 91214","https://www.google.com/search?q=restaurants+near+me&npsic=0&rflfq=1&rlha=0&rllag=34217638,-118238355,1702&tbm=lcl&ved=2ahUKEwjs8PKTipPiAhUEKa0KHRsuAK4QjGp6BAgLEFE&tbs=lrf:!2m1!1e2!2m1!1e5!2m1!1e3!3sIAEqAlVT,lf:1,lf_ui:9&rldoc=1#",4.4,95,Thursday,N/A,N/A,N/A,N/A,N/A,N/A,N/A,N/A,N/A,N/A,N/A,N/A,N/A,N/A,N/A,N/A,N/A,N/A,N/A,N/A,2,Usually not busy,12,Usually not busy,22,Usually not too busy,20,Usually not too busy,11,Usually not busy,8,Usually not busy,29,Usually not too busy,71,Usually as busy as it gets,75,Usually as busy as it gets,35,Usually not too busy,N/A,N/A,N/A,N/A,N/A,N/A,N/A,N/A
AJ Noodles,N/A,Restaurant,"4121 Pennsylvania Ave, Glendale, CA 91214","https://www.google.com/search?q=restaurants+near+me&npsic=0&rflfq=1&rlha=0&rllag=34217638,-118238355,1702&tbm=lcl&ved=2ahUKEwjs8PKTipPiAhUEKa0KHRsuAK4QjGp6BAgLEFE&tbs=lrf:!2m1!1e2!2m1!1e5!2m1!1e3!3sIAEqAlVT,lf:1,lf_ui:9&rldoc=1#",4.4,95,Friday,N/A,N/A,N/A,N/A,N/A,N/A,N/A,N/A,N/A,N/A,N/A,N/A,N/A,N/A,N/A,N/A,N/A,N/A,N/A,N/A,18,Usually not too busy,31,Usually not too busy,39,Usually a little busy,41,Usually a little busy,33,Usually not too busy,20,Usually not too busy,16,Usually not too busy,37,Usually not too busy,37,Usually not too busy,6,Usually not busy,N/A,N/A,N/A,N/A,N/A,N/A,N/A,N/A
AJ Noodles,N/A,Restaurant,"4121 Pennsylvania Ave, Glendale, CA 91214","https://www.google.com/search?q=restaurants+near+me&npsic=0&rflfq=1&rlha=0&rllag=34217638,-118238355,1702&tbm=lcl&ved=2ahUKEwjs8PKTipPiAhUEKa0KHRsuAK4QjGp6BAgLEFE&tbs=lrf:!2m1!1e2!2m1!1e5!2m1!1e3!3sIAEqAlVT,lf:1,lf_ui:9&rldoc=1#",4.4,95,Saturday,N/A,N/A,N/A,N/A,N/A,N/A,N/A,N/A,N/A,N/A,N/A,N/A,N/A,N/A,N/A,N/A,N/A,N/A,N/A,N/A,N/A,N/A,28,Usually not too busy,53,Usually a little busy,44,Usually a little busy,29,Usually not too busy,20,Usually not too busy,14,Usually not busy,23,Usually not too busy,29,Usually not too busy,22,Usually not too busy,N/A,N/A,N/A,N/A,N/A,N/A,N/A,N/A
AJ Noodles,N/A,Restaurant,"4121 Pennsylvania Ave, Glendale, CA 91214","https://www.google.com/search?q=restaurants+near+me&npsic=0&rflfq=1&rlha=0&rllag=34217638,-118238355,1702&tbm=lcl&ved=2ahUKEwjs8PKTipPiAhUEKa0KHRsuAK4QjGp6BAgLEFE&tbs=lrf:!2m1!1e2!2m1!1e5!2m1!1e3!3sIAEqAlVT,lf:1,lf_ui:9&rldoc=1#",4.4,95,Sunday,N/A,N/A,N/A,N/A,N/A,N/A,N/A,N/A,N/A,N/A,N/A,N/A,N/A,N/A,N/A,N/A,N/A,N/A,N/A,N/A,N/A,N/A,N/A,N/A,N/A,N/A,N/A,N/A,N/A,N/A,N/A,N/A,N/A,N/A,N/A,N/A,N/A,N/A,N/A,N/A,N/A,N/A,N/A,N/A,N/A,N/A,N/A,N/A
Taqueria Los Padilla,$,Mexican restaurant,"3437 Foothill Blvd, La Crescenta, CA 91214","https://www.google.com/search?q=restaurants+near+me&npsic=0&rflfq=1&rlha=0&rllag=34217638,-118238355,1702&tbm=lcl&ved=2ahUKEwjs8PKTipPiAhUEKa0KHRsuAK4QjGp6BAgLEFE&tbs=lrf:!2m1!1e2!2m1!1e5!2m1!1e3!3sIAEqAlVT,lf:1,lf_ui:9&rldoc=1#",4.6,137,Monday,N/A,N/A,N/A,N/A,N/A,N/A,N/A,N/A,N/A,N/A,N/A,N/A,N/A,N/A,N/A,N/A,N/A,N/A,8,Usually not busy,35,Usually not too busy,50,Usually a little busy,27,Usually not too busy,10,Usually not busy,12,Usually not busy,20,Usually not too busy,25,Usually not too busy,20,Usually not too busy,20,Usually not too busy,10,Usually not busy,N/A,N/A,N/A,N/A,N/A,N/A,N/A,N/A
Taqueria Los Padilla,$,Mexican restaurant,"3437 Foothill Blvd, La Crescenta, CA 91214","https://www.google.com/search?q=restaurants+near+me&npsic=0&rflfq=1&rlha=0&rllag=34217638,-118238355,1702&tbm=lcl&ved=2ahUKEwjs8PKTipPiAhUEKa0KHRsuAK4QjGp6BAgLEFE&tbs=lrf:!2m1!1e2!2m1!1e5!2m1!1e3!3sIAEqAlVT,lf:1,lf_ui:9&rldoc=1#",4.6,137,Tuesday,N/A,N/A,N/A,N/A,N/A,N/A,N/A,N/A,N/A,N/A,N/A,N/A,N/A,N/A,N/A,N/A,N/A,N/A,19,Usually not too busy,41,Usually a little busy,41,Usually a little busy,20,Usually not too busy,14,Usually not busy,17,Usually not too busy,20,Usually not too busy,20,Usually not too busy,17,Usually not too busy,12,Usually not busy,6,Usually not busy,N/A,N/A,N/A,N/A,N/A,N/A,N/A,N/A
Taqueria Los Padilla,$,Mexican restaurant,"3437 Foothill Blvd, La Crescenta, CA 91214","https://www.google.com/search?q=restaurants+near+me&npsic=0&rflfq=1&rlha=0&rllag=34217638,-118238355,1702&tbm=lcl&ved=2ahUKEwjs8PKTipPiAhUEKa0KHRsuAK4QjGp6BAgLEFE&tbs=lrf:!2m1!1e2!2m1!1e5!2m1!1e3!3sIAEqAlVT,lf:1,lf_ui:9&rldoc=1#",4.6,137,Wednesday,N/A,N/A,N/A,N/A,N/A,N/A,N/A,N/A,N/A,N/A,N/A,N/A,N/A,N/A,N/A,N/A,N/A,N/A,10,Usually not busy,33,Usually not too busy,56,Usually a little busy,44,Usually a little busy,20,Usually not too busy,12,Usually not busy,12,Usually not busy,14,Usually not busy,23,Usually not too busy,23,Usually not too busy,8,Usually not busy,N/A,N/A,N/A,N/A,N/A,N/A,N/A,N/A
Taqueria Los Padilla,$,Mexican restaurant,"3437 Foothill Blvd, La Crescenta, CA 91214","https://www.google.com/search?q=restaurants+near+me&npsic=0&rflfq=1&rlha=0&rllag=34217638,-118238355,1702&tbm=lcl&ved=2ahUKEwjs8PKTipPiAhUEKa0KHRsuAK4QjGp6BAgLEFE&tbs=lrf:!2m1!1e2!2m1!1e5!2m1!1e3!3sIAEqAlVT,lf:1,lf_ui:9&rldoc=1#",4.6,137,Thursday,N/A,N/A,N/A,N/A,N/A,N/A,N/A,N/A,N/A,N/A,N/A,N/A,N/A,N/A,N/A,N/A,N/A,N/A,10,Usually not busy,33,Usually not too busy,52,Usually a little busy,41,Usually a little busy,19,Usually not too busy,8,Usually not busy,19,Usually not too busy,38,Usually not too busy,33,Usually not too busy,12,Usually not busy,2,Usually not busy,N/A,N/A,N/A,N/A,N/A,N/A,N/A,N/A
Taqueria Los Padilla,$,Mexican restaurant,"3437 Foothill Blvd, La Crescenta, CA 91214","https://www.google.com/search?q=restaurants+near+me&npsic=0&rflfq=1&rlha=0&rllag=34217638,-118238355,1702&tbm=lcl&ved=2ahUKEwjs8PKTipPiAhUEKa0KHRsuAK4QjGp6BAgLEFE&tbs=lrf:!2m1!1e2!2m1!1e5!2m1!1e3!3sIAEqAlVT,lf:1,lf_ui:9&rldoc=1#",4.6,137,Friday,N/A,N/A,N/A,N/A,N/A,N/A,N/A,N/A,N/A,N/A,N/A,N/A,N/A,N/A,N/A,N/A,N/A,N/A,14,Usually not busy,50,Usually a little busy,75,Usually as busy as it gets,47,Usually a little busy,17,Usually not too busy,12,Usually not busy,20,Usually not too busy,31,Usually not too busy,35,Usually not too busy,31,Usually not too busy,20,Usually not too busy,N/A,N/A,N/A,N/A,N/A,N/A,N/A,N/A
Taqueria Los Padilla,$,Mexican restaurant,"3437 Foothill Blvd, La Crescenta, CA 91214","https://www.google.com/search?q=restaurants+near+me&npsic=0&rflfq=1&rlha=0&rllag=34217638,-118238355,1702&tbm=lcl&ved=2ahUKEwjs8PKTipPiAhUEKa0KHRsuAK4QjGp6BAgLEFE&tbs=lrf:!2m1!1e2!2m1!1e5!2m1!1e3!3sIAEqAlVT,lf:1,lf_ui:9&rldoc=1#",4.6,137,Saturday,N/A,N/A,N/A,N/A,N/A,N/A,N/A,N/A,N/A,N/A,N/A,N/A,N/A,N/A,N/A,N/A,N/A,N/A,9,Usually not busy,33,Usually not too busy,51,Usually a little busy,35,Usually not too busy,16,Usually not too busy,16,Usually not too busy,16,Usually not too busy,9,Usually not busy,8,Usually not busy,18,Usually not too busy,20,Usually not too busy,N/A,N/A,N/A,N/A,N/A,N/A,N/A,N/A
Taqueria Los Padilla,$,Mexican restaurant,"3437 Foothill Blvd, La Crescenta, CA 91214","https://www.google.com/search?q=restaurants+near+me&npsic=0&rflfq=1&rlha=0&rllag=34217638,-118238355,1702&tbm=lcl&ved=2ahUKEwjs8PKTipPiAhUEKa0KHRsuAK4QjGp6BAgLEFE&tbs=lrf:!2m1!1e2!2m1!1e5!2m1!1e3!3sIAEqAlVT,lf:1,lf_ui:9&rldoc=1#",4.6,137,Sunday,N/A,N/A,N/A,N/A,N/A,N/A,N/A,N/A,N/A,N/A,N/A,N/A,N/A,N/A,N/A,N/A,N/A,N/A,N/A,N/A,N/A,N/A,N/A,N/A,N/A,N/A,N/A,N/A,N/A,N/A,N/A,N/A,N/A,N/A,N/A,N/A,N/A,N/A,N/A,N/A,N/A,N/A,N/A,N/A,N/A,N/A,N/A,N/A
Cafe Lanka,N/A,Sri Lankan restaurant,"3436A Foothill Blvd, Glendale, CA 91214",https://www.facebook.com/cafelanka/app_117784394919914,4.4,68,Monday,N/A,N/A,N/A,N/A,N/A,N/A,N/A,N/A,N/A,N/A,N/A,N/A,N/A,N/A,N/A,N/A,N/A,N/A,N/A,N/A,N/A,N/A,N/A,N/A,N/A,N/A,N/A,N/A,N/A,N/A,N/A,N/A,N/A,N/A,46,Usually a little busy,53,Usually a little busy,43,Usually a little busy,N/A,N/A,N/A,N/A,N/A,N/A,N/A,N/A
Cafe Lanka,N/A,Sri Lankan restaurant,"3436A Foothill Blvd, Glendale, CA 91214",https://www.facebook.com/cafelanka/app_117784394919914,4.4,68,Tuesday,N/A,N/A,N/A,N/A,N/A,N/A,N/A,N/A,N/A,N/A,N/A,N/A,N/A,N/A,N/A,N/A,N/A,N/A,N/A,N/A,N/A,N/A,N/A,N/A,N/A,N/A,N/A,N/A,N/A,N/A,N/A,N/A,N/A,N/A,64,Usually as busy as it gets,75,Usually as busy as it gets,35,Usually not too busy,N/A,N/A,N/A,N/A,N/A,N/A,N/A,N/A
Cafe Lanka,N/A,Sri Lankan restaurant,"3436A Foothill Blvd, Glendale, CA 91214",https://www.facebook.com/cafelanka/app_117784394919914,4.4,68,Wednesday,N/A,N/A,N/A,N/A,N/A,N/A,N/A,N/A,N/A,N/A,N/A,N/A,N/A,N/A,N/A,N/A,N/A,N/A,N/A,N/A,N/A,N/A,7,Usually not busy,11,Usually not busy,17,Usually not too busy,21,Usually not too busy,17,Usually not too busy,17,Usually not too busy,29,Usually not too busy,39,Usually a little busy,25,Usually not too busy,N/A,N/A,N/A,N/A,N/A,N/A,N/A,N/A
Cafe Lanka,N/A,Sri Lankan restaurant,"3436A Foothill Blvd, Glendale, CA 91214",https://www.facebook.com/cafelanka/app_117784394919914,4.4,68,Thursday,N/A,N/A,N/A,N/A,N/A,N/A,N/A,N/A,N/A,N/A,N/A,N/A,N/A,N/A,N/A,N/A,N/A,N/A,N/A,N/A,N/A,N/A,21,Usually not too busy,24,Usually not too busy,10,Usually not busy,10,Usually not busy,17,Usually not too busy,21,Usually not too busy,28,Usually not too busy,28,Usually not too busy,24,Usually not too busy,N/A,N/A,N/A,N/A,N/A,N/A,N/A,N/A
Cafe Lanka,N/A,Sri Lankan restaurant,"3436A Foothill Blvd, Glendale, CA 91214",https://www.facebook.com/cafelanka/app_117784394919914,4.4,68,Friday,N/A,N/A,N/A,N/A,N/A,N/A,N/A,N/A,N/A,N/A,N/A,N/A,N/A,N/A,N/A,N/A,N/A,N/A,N/A,N/A,N/A,N/A,53,Usually a little busy,57,Usually a little busy,46,Usually a little busy,N/A,N/A,N/A,N/A,N/A,N/A,N/A,N/A,N/A,N/A,N/A,N/A,N/A,N/A,N/A,N/A,N/A,N/A,N/A,N/A
Cafe Lanka,N/A,Sri Lankan restaurant,"3436A Foothill Blvd, Glendale, CA 91214",https://www.facebook.com/cafelanka/app_117784394919914,4.4,68,Saturday,N/A,N/A,N/A,N/A,N/A,N/A,N/A,N/A,N/A,N/A,N/A,N/A,N/A,N/A,N/A,N/A,N/A,N/A,N/A,N/A,N/A,N/A,N/A,N/A,N/A,N/A,N/A,N/A,N/A,N/A,N/A,N/A,N/A,N/A,N/A,N/A,N/A,N/A,N/A,N/A,N/A,N/A,N/A,N/A,N/A,N/A,N/A,N/A
Cafe Lanka,N/A,Sri Lankan restaurant,"3436A Foothill Blvd, Glendale, CA 91214",https://www.facebook.com/cafelanka/app_117784394919914,4.4,68,Sunday,N/A,N/A,N/A,N/A,N/A,N/A,N/A,N/A,N/A,N/A,N/A,N/A,N/A,N/A,N/A,N/A,N/A,N/A,N/A,N/A,N/A,N/A,N/A,N/A,N/A,N/A,N/A,N/A,N/A,N/A,N/A,N/A,N/A,N/A,N/A,N/A,N/A,N/A,N/A,N/A,N/A,N/A,N/A,N/A,N/A,N/A,N/A,N/A
Jeremy's Restaurant,N/A,Breakfast restaurant,"3009 Honolulu Ave, Glendale, CA 91214",https://m.facebook.com/Jeremyscoffeeshop/,4.6,238,Monday,N/A,N/A,N/A,N/A,N/A,N/A,N/A,N/A,N/A,N/A,4,Usually not busy,13,Usually not busy,29,Usually not too busy,39,Usually a little busy,32,Usually not too busy,20,Usually not too busy,21,Usually not too busy,26,Usually not too busy,17,Usually not too busy,5,Usually not busy,1,Usually not busy,6,Usually not busy,8,Usually not busy,2,Usually not busy,N/A,N/A,N/A,N/A,N/A,N/A,N/A,N/A,N/A,N/A
Jeremy's Restaurant,N/A,Breakfast restaurant,"3009 Honolulu Ave, Glendale, CA 91214",https://m.facebook.com/Jeremyscoffeeshop/,4.6,238,Tuesday,N/A,N/A,N/A,N/A,N/A,N/A,N/A,N/A,N/A,N/A,N/A,N/A,8,Usually not busy,29,Usually not too busy,27,Usually not too busy,18,Usually not too busy,21,Usually not too busy,22,Usually not too busy,15,Usually not too busy,8,Usually not busy,4,Usually not busy,3,Usually not busy,2,Usually not busy,2,Usually not busy,1,Usually not busy,N/A,N/A,N/A,N/A,N/A,N/A,N/A,N/A,N/A,N/A
Jeremy's Restaurant,N/A,Breakfast restaurant,"3009 Honolulu Ave, Glendale, CA 91214",https://m.facebook.com/Jeremyscoffeeshop/,4.6,238,Wednesday,N/A,N/A,N/A,N/A,N/A,N/A,N/A,N/A,N/A,N/A,5,Usually not busy,15,Usually not too busy,29,Usually not too busy,34,Usually not too busy,29,Usually not too busy,20,Usually not too busy,14,Usually not busy,13,Usually not busy,9,Usually not busy,5,Usually not busy,2,Usually not busy,4,Usually not busy,8,Usually not busy,5,Usually not busy,N/A,N/A,N/A,N/A,N/A,N/A,N/A,N/A,N/A,N/A
Jeremy's Restaurant,N/A,Breakfast restaurant,"3009 Honolulu Ave, Glendale, CA 91214",https://m.facebook.com/Jeremyscoffeeshop/,4.6,238,Thursday,N/A,N/A,N/A,N/A,N/A,N/A,N/A,N/A,N/A,N/A,2,Usually not busy,14,Usually not busy,32,Usually not too busy,29,Usually not too busy,15,Usually not too busy,18,Usually not too busy,26,Usually not too busy,20,Usually not too busy,6,Usually not busy,1,Usually not busy,3,Usually not busy,7,Usually not busy,5,Usually not busy,1,Usually not busy,N/A,N/A,N/A,N/A,N/A,N/A,N/A,N/A,N/A,N/A
Jeremy's Restaurant,N/A,Breakfast restaurant,"3009 Honolulu Ave, Glendale, CA 91214",https://m.facebook.com/Jeremyscoffeeshop/,4.6,238,Friday,N/A,N/A,N/A,N/A,N/A,N/A,N/A,N/A,N/A,N/A,1,Usually not busy,9,Usually not busy,27,Usually not too busy,44,Usually a little busy,41,Usually a little busy,22,Usually not too busy,26,Usually not too busy,37,Usually not too busy,12,Usually not busy,N/A,N/A,1,Usually not busy,11,Usually not busy,17,Usually not too busy,5,Usually not busy,N/A,N/A,N/A,N/A,N/A,N/A,N/A,N/A,N/A,N/A
Jeremy's Restaurant,N/A,Breakfast restaurant,"3009 Honolulu Ave, Glendale, CA 91214",https://m.facebook.com/Jeremyscoffeeshop/,4.6,238,Saturday,N/A,N/A,N/A,N/A,N/A,N/A,N/A,N/A,N/A,N/A,7,Usually not busy,32,Usually not too busy,61,Usually as busy as it gets,61,Usually as busy as it gets,50,Usually a little busy,63,Usually as busy as it gets,60,Usually as busy as it gets,25,Usually not too busy,N/A,N/A,N/A,N/A,N/A,N/A,N/A,N/A,N/A,N/A,N/A,N/A,N/A,N/A,N/A,N/A,N/A,N/A,N/A,N/A,N/A,N/A
Jeremy's Restaurant,N/A,Breakfast restaurant,"3009 Honolulu Ave, Glendale, CA 91214",https://m.facebook.com/Jeremyscoffeeshop/,4.6,238,Sunday,N/A,N/A,N/A,N/A,N/A,N/A,N/A,N/A,N/A,N/A,N/A,N/A,16,Usually not too busy,53,Usually a little busy,75,Usually as busy as it gets,65,Usually as busy as it gets,56,Usually a little busy,42,Usually a little busy,20,Usually not too busy,N/A,N/A,N/A,N/A,N/A,N/A,N/A,N/A,N/A,N/A,N/A,N/A,N/A,N/A,N/A,N/A,N/A,N/A,N/A,N/A,N/A,N/A
Wienerschnitzel,$,Fast food restaurant,"3140 Foothill Blvd, La Crescenta-Montrose, CA 91216",http://www.wienerschnitzel.com/location/69-foothill-pennsylvania-la-crescenta-3140-foothill-blvd-la-crescenta-ca-91216/?utm_source=google&utm_medium=profiles&utm_campaign=local_profiles,4.0,206,Monday,N/A,N/A,N/A,N/A,N/A,N/A,N/A,N/A,N/A,N/A,N/A,N/A,N/A,N/A,N/A,N/A,N/A,N/A,11,Usually not busy,23,Usually not too busy,38,Usually not too busy,47,Usually a little busy,44,Usually a little busy,36,Usually not too busy,29,Usually not too busy,32,Usually not too busy,41,Usually a little busy,48,Usually a little busy,44,Usually a little busy,32,Usually not too busy,17,Usually not too busy,7,Usually not busy,N/A,N/A
Wienerschnitzel,$,Fast food restaurant,"3140 Foothill Blvd, La Crescenta-Montrose, CA 91216",http://www.wienerschnitzel.com/location/69-foothill-pennsylvania-la-crescenta-3140-foothill-blvd-la-crescenta-ca-91216/?utm_source=google&utm_medium=profiles&utm_campaign=local_profiles,4.0,206,Tuesday,N/A,N/A,N/A,N/A,N/A,N/A,N/A,N/A,N/A,N/A,N/A,N/A,N/A,N/A,N/A,N/A,N/A,N/A,9,Usually not busy,23,Usually not too busy,36,Usually not too busy,36,Usually not too busy,29,Usually not too busy,30,Usually not too busy,40,Usually a little busy,47,Usually a little busy,40,Usually a little busy,33,Usually not too busy,32,Usually not too busy,30,Usually not too busy,19,Usually not too busy,7,Usually not busy,N/A,N/A
Wienerschnitzel,$,Fast food restaurant,"3140 Foothill Blvd, La Crescenta-Montrose, CA 91216",http://www.wienerschnitzel.com/location/69-foothill-pennsylvania-la-crescenta-3140-foothill-blvd-la-crescenta-ca-91216/?utm_source=google&utm_medium=profiles&utm_campaign=local_profiles,4.0,206,Wednesday,N/A,N/A,N/A,N/A,N/A,N/A,N/A,N/A,N/A,N/A,N/A,N/A,N/A,N/A,N/A,N/A,N/A,N/A,7,Usually not busy,20,Usually not too busy,36,Usually not too busy,40,Usually a little busy,32,Usually not too busy,20,Usually not too busy,18,Usually not too busy,26,Usually not too busy,36,Usually not too busy,43,Usually a little busy,41,Usually a little busy,33,Usually not too busy,20,Usually not too busy,9,Usually not busy,N/A,N/A
Wienerschnitzel,$,Fast food restaurant,"3140 Foothill Blvd, La Crescenta-Montrose, CA 91216",http://www.wienerschnitzel.com/location/69-foothill-pennsylvania-la-crescenta-3140-foothill-blvd-la-crescenta-ca-91216/?utm_source=google&utm_medium=profiles&utm_campaign=local_profiles,4.0,206,Thursday,N/A,N/A,N/A,N/A,N/A,N/A,N/A,N/A,N/A,N/A,N/A,N/A,N/A,N/A,N/A,N/A,N/A,N/A,9,Usually not busy,22,Usually not too busy,35,Usually not too busy,36,Usually not too busy,29,Usually not too busy,25,Usually not too busy,32,Usually not too busy,44,Usually a little busy,50,Usually a little busy,44,Usually a little busy,38,Usually a little busy,33,Usually not too busy,20,Usually not too busy,7,Usually not busy,N/A,N/A
Wienerschnitzel,$,Fast food restaurant,"3140 Foothill Blvd, La Crescenta-Montrose, CA 91216",http://www.wienerschnitzel.com/location/69-foothill-pennsylvania-la-crescenta-3140-foothill-blvd-la-crescenta-ca-91216/?utm_source=google&utm_medium=profiles&utm_campaign=local_profiles,4.0,206,Friday,N/A,N/A,N/A,N/A,N/A,N/A,N/A,N/A,N/A,N/A,N/A,N/A,N/A,N/A,N/A,N/A,N/A,N/A,7,Usually not busy,25,Usually not too busy,46,Usually a little busy,53,Usually a little busy,43,Usually a little busy,35,Usually not too busy,26,Usually not too busy,25,Usually not too busy,41,Usually a little busy,68,Usually as busy as it gets,75,Usually as busy as it gets,50,Usually a little busy,19,Usually not too busy,4,Usually not busy,N/A,N/A
Wienerschnitzel,$,Fast food restaurant,"3140 Foothill Blvd, La Crescenta-Montrose, CA 91216",http://www.wienerschnitzel.com/location/69-foothill-pennsylvania-la-crescenta-3140-foothill-blvd-la-crescenta-ca-91216/?utm_source=google&utm_medium=profiles&utm_campaign=local_profiles,4.0,206,Saturday,N/A,N/A,N/A,N/A,N/A,N/A,N/A,N/A,N/A,N/A,N/A,N/A,N/A,N/A,N/A,N/A,6,Usually not busy,18,Usually not too busy,31,Usually not too busy,45,Usually a little busy,55,Usually a little busy,54,Usually a little busy,46,Usually a little busy,37,Usually not too busy,34,Usually not too busy,37,Usually not too busy,42,Usually a little busy,41,Usually a little busy,31,Usually not too busy,18,Usually not too busy,8,Usually not busy,N/A,N/A
Wienerschnitzel,$,Fast food restaurant,"3140 Foothill Blvd, La Crescenta-Montrose, CA 91216",http://www.wienerschnitzel.com/location/69-foothill-pennsylvania-la-crescenta-3140-foothill-blvd-la-crescenta-ca-91216/?utm_source=google&utm_medium=profiles&utm_campaign=local_profiles,4.0,206,Sunday,N/A,N/A,N/A,N/A,N/A,N/A,N/A,N/A,N/A,N/A,N/A,N/A,N/A,N/A,N/A,N/A,N/A,N/A,18,Usually not too busy,35,Usually not too busy,51,Usually a little busy,62,Usually as busy as it gets,58,Usually a little busy,47,Usually a little busy,38,Usually a little busy,41,Usually a little busy,50,Usually a little busy,53,Usually a little busy,47,Usually a little busy,33,Usually not too busy,18,Usually not too busy,8,Usually not busy,N/A,N/A
Wow Bento & Roll,N/A,Fast food restaurant,"3231 Foothill Blvd # 201, Glendale, CA 91214","https://www.google.com/search?q=restaurants+near+me&npsic=0&rflfq=1&rlha=0&rllag=34217638,-118238355,1702&tbm=lcl&ved=2ahUKEwjs8PKTipPiAhUEKa0KHRsuAK4QjGp6BAgLEFE&tbs=lrf:!2m1!1e2!2m1!1e5!2m1!1e3!3sIAEqAlVT,lf:1,lf_ui:9&rldoc=1#",4.3,32,Monday,N/A,N/A,N/A,N/A,N/A,N/A,N/A,N/A,N/A,N/A,N/A,N/A,N/A,N/A,N/A,N/A,N/A,N/A,N/A,N/A,39,Usually a little busy,50,Usually a little busy,50,Usually a little busy,43,Usually a little busy,35,Usually not too busy,32,Usually not too busy,35,Usually not too busy,32,Usually not too busy,25,Usually not too busy,11,Usually not busy,N/A,N/A,N/A,N/A,N/A,N/A,N/A,N/A
Wow Bento & Roll,N/A,Fast food restaurant,"3231 Foothill Blvd # 201, Glendale, CA 91214","https://www.google.com/search?q=restaurants+near+me&npsic=0&rflfq=1&rlha=0&rllag=34217638,-118238355,1702&tbm=lcl&ved=2ahUKEwjs8PKTipPiAhUEKa0KHRsuAK4QjGp6BAgLEFE&tbs=lrf:!2m1!1e2!2m1!1e5!2m1!1e3!3sIAEqAlVT,lf:1,lf_ui:9&rldoc=1#",4.3,32,Tuesday,N/A,N/A,N/A,N/A,N/A,N/A,N/A,N/A,N/A,N/A,N/A,N/A,N/A,N/A,N/A,N/A,N/A,N/A,N/A,N/A,39,Usually a little busy,53,Usually a little busy,60,Usually as busy as it gets,50,Usually a little busy,35,Usually not too busy,21,Usually not too busy,32,Usually not too busy,46,Usually a little busy,29,Usually not too busy,3,Usually not busy,N/A,N/A,N/A,N/A,N/A,N/A,N/A,N/A
Wow Bento & Roll,N/A,Fast food restaurant,"3231 Foothill Blvd # 201, Glendale, CA 91214","https://www.google.com/search?q=restaurants+near+me&npsic=0&rflfq=1&rlha=0&rllag=34217638,-118238355,1702&tbm=lcl&ved=2ahUKEwjs8PKTipPiAhUEKa0KHRsuAK4QjGp6BAgLEFE&tbs=lrf:!2m1!1e2!2m1!1e5!2m1!1e3!3sIAEqAlVT,lf:1,lf_ui:9&rldoc=1#",4.3,32,Wednesday,N/A,N/A,N/A,N/A,N/A,N/A,N/A,N/A,N/A,N/A,N/A,N/A,N/A,N/A,N/A,N/A,N/A,N/A,N/A,N/A,53,Usually a little busy,60,Usually as busy as it gets,53,Usually a little busy,43,Usually a little busy,43,Usually a little busy,43,Usually a little busy,43,Usually a little busy,39,Usually a little busy,32,Usually not too busy,25,Usually not too busy,N/A,N/A,N/A,N/A,N/A,N/A,N/A,N/A
Wow Bento & Roll,N/A,Fast food restaurant,"3231 Foothill Blvd # 201, Glendale, CA 91214","https://www.google.com/search?q=restaurants+near+me&npsic=0&rflfq=1&rlha=0&rllag=34217638,-118238355,1702&tbm=lcl&ved=2ahUKEwjs8PKTipPiAhUEKa0KHRsuAK4QjGp6BAgLEFE&tbs=lrf:!2m1!1e2!2m1!1e5!2m1!1e3!3sIAEqAlVT,lf:1,lf_ui:9&rldoc=1#",4.3,32,Thursday,N/A,N/A,N/A,N/A,N/A,N/A,N/A,N/A,N/A,N/A,N/A,N/A,N/A,N/A,N/A,N/A,N/A,N/A,N/A,N/A,60,Usually as busy as it gets,50,Usually a little busy,35,Usually not too busy,35,Usually not too busy,43,Usually a little busy,50,Usually a little busy,46,Usually a little busy,43,Usually a little busy,32,Usually not too busy,21,Usually not too busy,N/A,N/A,N/A,N/A,N/A,N/A,N/A,N/A
Wow Bento & Roll,N/A,Fast food restaurant,"3231 Foothill Blvd # 201, Glendale, CA 91214","https://www.google.com/search?q=restaurants+near+me&npsic=0&rflfq=1&rlha=0&rllag=34217638,-118238355,1702&tbm=lcl&ved=2ahUKEwjs8PKTipPiAhUEKa0KHRsuAK4QjGp6BAgLEFE&tbs=lrf:!2m1!1e2!2m1!1e5!2m1!1e3!3sIAEqAlVT,lf:1,lf_ui:9&rldoc=1#",4.3,32,Friday,N/A,N/A,N/A,N/A,N/A,N/A,N/A,N/A,N/A,N/A,N/A,N/A,N/A,N/A,N/A,N/A,N/A,N/A,N/A,N/A,53,Usually a little busy,71,Usually as busy as it gets,75,Usually as busy as it gets,60,Usually as busy as it gets,50,Usually a little busy,50,Usually a little busy,64,Usually as busy as it gets,64,Usually as busy as it gets,43,Usually a little busy,21,Usually not too busy,N/A,N/A,N/A,N/A,N/A,N/A,N/A,N/A
Wow Bento & Roll,N/A,Fast food restaurant,"3231 Foothill Blvd # 201, Glendale, CA 91214","https://www.google.com/search?q=restaurants+near+me&npsic=0&rflfq=1&rlha=0&rllag=34217638,-118238355,1702&tbm=lcl&ved=2ahUKEwjs8PKTipPiAhUEKa0KHRsuAK4QjGp6BAgLEFE&tbs=lrf:!2m1!1e2!2m1!1e5!2m1!1e3!3sIAEqAlVT,lf:1,lf_ui:9&rldoc=1#",4.3,32,Saturday,N/A,N/A,N/A,N/A,N/A,N/A,N/A,N/A,N/A,N/A,N/A,N/A,N/A,N/A,N/A,N/A,N/A,N/A,N/A,N/A,63,Usually as busy as it gets,75,Usually as busy as it gets,60,Usually as busy as it gets,42,Usually a little busy,35,Usually not too busy,35,Usually not too busy,35,Usually not too busy,28,Usually not too busy,21,Usually not too busy,14,Usually not busy,N/A,N/A,N/A,N/A,N/A,N/A,N/A,N/A
Wow Bento & Roll,N/A,Fast food restaurant,"3231 Foothill Blvd # 201, Glendale, CA 91214","https://www.google.com/search?q=restaurants+near+me&npsic=0&rflfq=1&rlha=0&rllag=34217638,-118238355,1702&tbm=lcl&ved=2ahUKEwjs8PKTipPiAhUEKa0KHRsuAK4QjGp6BAgLEFE&tbs=lrf:!2m1!1e2!2m1!1e5!2m1!1e3!3sIAEqAlVT,lf:1,lf_ui:9&rldoc=1#",4.3,32,Sunday,N/A,N/A,N/A,N/A,N/A,N/A,N/A,N/A,N/A,N/A,N/A,N/A,N/A,N/A,N/A,N/A,N/A,N/A,N/A,N/A,N/A,N/A,N/A,N/A,N/A,N/A,N/A,N/A,N/A,N/A,N/A,N/A,N/A,N/A,N/A,N/A,N/A,N/A,N/A,N/A,N/A,N/A,N/A,N/A,N/A,N/A,N/A,N/A
Olive Branch Restaurant,$$,Mediterranean restaurant,"3658 Foothill Blvd, Glendale, CA 91214",http://olivebranchfoothillblvd.com/,4.6,102,Monday,N/A,N/A,N/A,N/A,N/A,N/A,N/A,N/A,N/A,N/A,N/A,N/A,N/A,N/A,N/A,N/A,N/A,N/A,N/A,N/A,4,Usually not busy,10,Usually not busy,15,Usually not too busy,20,Usually not too busy,22,Usually not too busy,23,Usually not too busy,30,Usually not too busy,44,Usually a little busy,46,Usually a little busy,24,Usually not too busy,N/A,N/A,N/A,N/A,N/A,N/A,N/A,N/A
Olive Branch Restaurant,$$,Mediterranean restaurant,"3658 Foothill Blvd, Glendale, CA 91214",http://olivebranchfoothillblvd.com/,4.6,102,Tuesday,N/A,N/A,N/A,N/A,N/A,N/A,N/A,N/A,N/A,N/A,N/A,N/A,N/A,N/A,N/A,N/A,N/A,N/A,N/A,N/A,6,Usually not busy,17,Usually not too busy,11,Usually not busy,8,Usually not busy,20,Usually not too busy,22,Usually not too busy,17,Usually not too busy,24,Usually not too busy,24,Usually not too busy,14,Usually not busy,N/A,N/A,N/A,N/A,N/A,N/A,N/A,N/A
Olive Branch Restaurant,$$,Mediterranean restaurant,"3658 Foothill Blvd, Glendale, CA 91214",http://olivebranchfoothillblvd.com/,4.6,102,Wednesday,N/A,N/A,N/A,N/A,N/A,N/A,N/A,N/A,N/A,N/A,N/A,N/A,N/A,N/A,N/A,N/A,N/A,N/A,N/A,N/A,6,Usually not busy,17,Usually not too busy,20,Usually not too busy,13,Usually not busy,5,Usually not busy,5,Usually not busy,12,Usually not busy,17,Usually not too busy,17,Usually not too busy,11,Usually not busy,N/A,N/A,N/A,N/A,N/A,N/A,N/A,N/A
Olive Branch Restaurant,$$,Mediterranean restaurant,"3658 Foothill Blvd, Glendale, CA 91214",http://olivebranchfoothillblvd.com/,4.6,102,Thursday,N/A,N/A,N/A,N/A,N/A,N/A,N/A,N/A,N/A,N/A,N/A,N/A,N/A,N/A,N/A,N/A,N/A,N/A,N/A,N/A,3,Usually not busy,8,Usually not busy,13,Usually not busy,17,Usually not too busy,20,Usually not too busy,20,Usually not too busy,21,Usually not too busy,28,Usually not too busy,31,Usually not too busy,22,Usually not too busy,N/A,N/A,N/A,N/A,N/A,N/A,N/A,N/A
Olive Branch Restaurant,$$,Mediterranean restaurant,"3658 Foothill Blvd, Glendale, CA 91214",http://olivebranchfoothillblvd.com/,4.6,102,Friday,N/A,N/A,N/A,N/A,N/A,N/A,N/A,N/A,N/A,N/A,N/A,N/A,N/A,N/A,N/A,N/A,N/A,N/A,N/A,N/A,6,Usually not busy,11,Usually not busy,13,Usually not busy,13,Usually not busy,13,Usually not busy,21,Usually not too busy,39,Usually a little busy,62,Usually as busy as it gets,75,Usually as busy as it gets,64,Usually as busy as it gets,N/A,N/A,N/A,N/A,N/A,N/A,N/A,N/A
Olive Branch Restaurant,$$,Mediterranean restaurant,"3658 Foothill Blvd, Glendale, CA 91214",http://olivebranchfoothillblvd.com/,4.6,102,Saturday,N/A,N/A,N/A,N/A,N/A,N/A,N/A,N/A,N/A,N/A,N/A,N/A,N/A,N/A,N/A,N/A,N/A,N/A,N/A,N/A,3,Usually not busy,10,Usually not busy,19,Usually not too busy,21,Usually not too busy,18,Usually not too busy,16,Usually not too busy,23,Usually not too busy,36,Usually not too busy,42,Usually a little busy,32,Usually not too busy,N/A,N/A,N/A,N/A,N/A,N/A,N/A,N/A
Olive Branch Restaurant,$$,Mediterranean restaurant,"3658 Foothill Blvd, Glendale, CA 91214",http://olivebranchfoothillblvd.com/,4.6,102,Sunday,N/A,N/A,N/A,N/A,N/A,N/A,N/A,N/A,N/A,N/A,N/A,N/A,N/A,N/A,N/A,N/A,N/A,N/A,N/A,N/A,4,Usually not busy,6,Usually not busy,14,Usually not busy,30,Usually not too busy,40,Usually a little busy,32,Usually not too busy,26,Usually not too busy,47,Usually a little busy,58,Usually a little busy,30,Usually not too busy,N/A,N/A,N/A,N/A,N/A,N/A,N/A,N/A
El Sol Mexican Restaurant,N/A,Tex-Mex Restaurant,"2901 1/2 Honolulu Ave, Glendale, CA 91214","https://www.google.com/search?q=restaurants+near+me&npsic=0&rflfq=1&rlha=0&rllag=34217638,-118238355,1702&tbm=lcl&ved=2ahUKEwjs8PKTipPiAhUEKa0KHRsuAK4QjGp6BAgLEFE&tbs=lrf:!2m1!1e2!2m1!1e5!2m1!1e3!3sIAEqAlVT,lf:1,lf_ui:9&rldoc=1#",4.5,144,Monday,N/A,N/A,N/A,N/A,N/A,N/A,N/A,N/A,N/A,N/A,N/A,N/A,N/A,N/A,N/A,N/A,N/A,N/A,N/A,N/A,11,Usually not busy,16,Usually not too busy,11,Usually not busy,5,Usually not busy,9,Usually not busy,23,Usually not too busy,32,Usually not too busy,42,Usually a little busy,53,Usually a little busy,35,Usually not too busy,9,Usually not busy,N/A,N/A,N/A,N/A,N/A,N/A
El Sol Mexican Restaurant,N/A,Tex-Mex Restaurant,"2901 1/2 Honolulu Ave, Glendale, CA 91214","https://www.google.com/search?q=restaurants+near+me&npsic=0&rflfq=1&rlha=0&rllag=34217638,-118238355,1702&tbm=lcl&ved=2ahUKEwjs8PKTipPiAhUEKa0KHRsuAK4QjGp6BAgLEFE&tbs=lrf:!2m1!1e2!2m1!1e5!2m1!1e3!3sIAEqAlVT,lf:1,lf_ui:9&rldoc=1#",4.5,144,Tuesday,N/A,N/A,N/A,N/A,N/A,N/A,N/A,N/A,N/A,N/A,N/A,N/A,N/A,N/A,N/A,N/A,N/A,N/A,N/A,N/A,7,Usually not busy,19,Usually not too busy,21,Usually not too busy,11,Usually not busy,9,Usually not busy,26,Usually not too busy,56,Usually a little busy,75,Usually as busy as it gets,70,Usually as busy as it gets,49,Usually a little busy,26,Usually not too busy,N/A,N/A,N/A,N/A,N/A,N/A
El Sol Mexican Restaurant,N/A,Tex-Mex Restaurant,"2901 1/2 Honolulu Ave, Glendale, CA 91214","https://www.google.com/search?q=restaurants+near+me&npsic=0&rflfq=1&rlha=0&rllag=34217638,-118238355,1702&tbm=lcl&ved=2ahUKEwjs8PKTipPiAhUEKa0KHRsuAK4QjGp6BAgLEFE&tbs=lrf:!2m1!1e2!2m1!1e5!2m1!1e3!3sIAEqAlVT,lf:1,lf_ui:9&rldoc=1#",4.5,144,Wednesday,N/A,N/A,N/A,N/A,N/A,N/A,N/A,N/A,N/A,N/A,N/A,N/A,N/A,N/A,N/A,N/A,N/A,N/A,N/A,N/A,7,Usually not busy,14,Usually not busy,9,Usually not busy,2,Usually not busy,5,Usually not busy,21,Usually not too busy,44,Usually a little busy,63,Usually as busy as it gets,61,Usually as busy as it gets,42,Usually a little busy,19,Usually not too busy,N/A,N/A,N/A,N/A,N/A,N/A
El Sol Mexican Restaurant,N/A,Tex-Mex Restaurant,"2901 1/2 Honolulu Ave, Glendale, CA 91214","https://www.google.com/search?q=restaurants+near+me&npsic=0&rflfq=1&rlha=0&rllag=34217638,-118238355,1702&tbm=lcl&ved=2ahUKEwjs8PKTipPiAhUEKa0KHRsuAK4QjGp6BAgLEFE&tbs=lrf:!2m1!1e2!2m1!1e5!2m1!1e3!3sIAEqAlVT,lf:1,lf_ui:9&rldoc=1#",4.5,144,Thursday,N/A,N/A,N/A,N/A,N/A,N/A,N/A,N/A,N/A,N/A,N/A,N/A,N/A,N/A,N/A,N/A,N/A,N/A,N/A,N/A,21,Usually not too busy,32,Usually not too busy,21,Usually not too busy,7,Usually not busy,7,Usually not busy,19,Usually not too busy,38,Usually not too busy,59,Usually a little busy,68,Usually as busy as it gets,63,Usually as busy as it gets,47,Usually a little busy,N/A,N/A,N/A,N/A,N/A,N/A
El Sol Mexican Restaurant,N/A,Tex-Mex Restaurant,"2901 1/2 Honolulu Ave, Glendale, CA 91214","https://www.google.com/search?q=restaurants+near+me&npsic=0&rflfq=1&rlha=0&rllag=34217638,-118238355,1702&tbm=lcl&ved=2ahUKEwjs8PKTipPiAhUEKa0KHRsuAK4QjGp6BAgLEFE&tbs=lrf:!2m1!1e2!2m1!1e5!2m1!1e3!3sIAEqAlVT,lf:1,lf_ui:9&rldoc=1#",4.5,144,Friday,N/A,N/A,N/A,N/A,N/A,N/A,N/A,N/A,N/A,N/A,N/A,N/A,N/A,N/A,N/A,N/A,N/A,N/A,N/A,N/A,7,Usually not busy,11,Usually not busy,16,Usually not too busy,16,Usually not too busy,19,Usually not too busy,26,Usually not too busy,42,Usually a little busy,61,Usually as busy as it gets,70,Usually as busy as it gets,63,Usually as busy as it gets,44,Usually a little busy,N/A,N/A,N/A,N/A,N/A,N/A
El Sol Mexican Restaurant,N/A,Tex-Mex Restaurant,"2901 1/2 Honolulu Ave, Glendale, CA 91214","https://www.google.com/search?q=restaurants+near+me&npsic=0&rflfq=1&rlha=0&rllag=34217638,-118238355,1702&tbm=lcl&ved=2ahUKEwjs8PKTipPiAhUEKa0KHRsuAK4QjGp6BAgLEFE&tbs=lrf:!2m1!1e2!2m1!1e5!2m1!1e3!3sIAEqAlVT,lf:1,lf_ui:9&rldoc=1#",4.5,144,Saturday,N/A,N/A,N/A,N/A,N/A,N/A,N/A,N/A,N/A,N/A,N/A,N/A,N/A,N/A,N/A,N/A,N/A,N/A,N/A,N/A,2,Usually not busy,6,Usually not busy,13,Usually not busy,9,Usually not busy,4,Usually not busy,11,Usually not busy,34,Usually not too busy,65,Usually as busy as it gets,63,Usually as busy as it gets,34,Usually not too busy,9,Usually not busy,N/A,N/A,N/A,N/A,N/A,N/A
El Sol Mexican Restaurant,N/A,Tex-Mex Restaurant,"2901 1/2 Honolulu Ave, Glendale, CA 91214","https://www.google.com/search?q=restaurants+near+me&npsic=0&rflfq=1&rlha=0&rllag=34217638,-118238355,1702&tbm=lcl&ved=2ahUKEwjs8PKTipPiAhUEKa0KHRsuAK4QjGp6BAgLEFE&tbs=lrf:!2m1!1e2!2m1!1e5!2m1!1e3!3sIAEqAlVT,lf:1,lf_ui:9&rldoc=1#",4.5,144,Sunday,N/A,N/A,N/A,N/A,N/A,N/A,N/A,N/A,N/A,N/A,N/A,N/A,N/A,N/A,N/A,N/A,N/A,N/A,11,Usually not busy,23,Usually not too busy,35,Usually not too busy,42,Usually a little busy,40,Usually a little busy,35,Usually not too busy,38,Usually not too busy,47,Usually a little busy,51,Usually a little busy,35,Usually not too busy,N/A,N/A,N/A,N/A,N/A,N/A,N/A,N/A,N/A,N/A
Senior Nacho,N/A,Takeout Restaurant,"2864 Foothill Blvd, La Crescenta, CA 91214","https://www.google.com/search?q=restaurants+near+me&npsic=0&rflfq=1&rlha=0&rllag=34217638,-118238355,1702&tbm=lcl&ved=2ahUKEwjs8PKTipPiAhUEKa0KHRsuAK4QjGp6BAgLEFE&tbs=lrf:!2m1!1e2!2m1!1e5!2m1!1e3!3sIAEqAlVT,lf:1,lf_ui:9&rldoc=1#",4.2,20,Monday,N/A,N/A,N/A,N/A,N/A,N/A,N/A,N/A,N/A,N/A,N/A,N/A,12,Usually not busy,17,Usually not too busy,24,Usually not too busy,29,Usually not too busy,31,Usually not too busy,34,Usually not too busy,31,Usually not too busy,29,Usually not too busy,24,Usually not too busy,N/A,N/A,N/A,N/A,N/A,N/A,N/A,N/A,N/A,N/A,N/A,N/A,N/A,N/A,N/A,N/A,N/A,N/A
Senior Nacho,N/A,Takeout Restaurant,"2864 Foothill Blvd, La Crescenta, CA 91214","https://www.google.com/search?q=restaurants+near+me&npsic=0&rflfq=1&rlha=0&rllag=34217638,-118238355,1702&tbm=lcl&ved=2ahUKEwjs8PKTipPiAhUEKa0KHRsuAK4QjGp6BAgLEFE&tbs=lrf:!2m1!1e2!2m1!1e5!2m1!1e3!3sIAEqAlVT,lf:1,lf_ui:9&rldoc=1#",4.2,20,Tuesday,N/A,N/A,N/A,N/A,N/A,N/A,N/A,N/A,N/A,N/A,N/A,N/A,26,Usually not too busy,34,Usually not too busy,12,Usually not busy,9,Usually not busy,19,Usually not too busy,38,Usually a little busy,36,Usually not too busy,26,Usually not too busy,26,Usually not too busy,N/A,N/A,N/A,N/A,N/A,N/A,N/A,N/A,N/A,N/A,N/A,N/A,N/A,N/A,N/A,N/A,N/A,N/A
Senior Nacho,N/A,Takeout Restaurant,"2864 Foothill Blvd, La Crescenta, CA 91214","https://www.google.com/search?q=restaurants+near+me&npsic=0&rflfq=1&rlha=0&rllag=34217638,-118238355,1702&tbm=lcl&ved=2ahUKEwjs8PKTipPiAhUEKa0KHRsuAK4QjGp6BAgLEFE&tbs=lrf:!2m1!1e2!2m1!1e5!2m1!1e3!3sIAEqAlVT,lf:1,lf_ui:9&rldoc=1#",4.2,20,Wednesday,N/A,N/A,N/A,N/A,N/A,N/A,N/A,N/A,N/A,N/A,N/A,N/A,19,Usually not too busy,22,Usually not too busy,17,Usually not too busy,22,Usually not too busy,29,Usually not too busy,31,Usually not too busy,22,Usually not too busy,12,Usually not busy,9,Usually not busy,N/A,N/A,N/A,N/A,N/A,N/A,N/A,N/A,N/A,N/A,N/A,N/A,N/A,N/A,N/A,N/A,N/A,N/A
Senior Nacho,N/A,Takeout Restaurant,"2864 Foothill Blvd, La Crescenta, CA 91214","https://www.google.com/search?q=restaurants+near+me&npsic=0&rflfq=1&rlha=0&rllag=34217638,-118238355,1702&tbm=lcl&ved=2ahUKEwjs8PKTipPiAhUEKa0KHRsuAK4QjGp6BAgLEFE&tbs=lrf:!2m1!1e2!2m1!1e5!2m1!1e3!3sIAEqAlVT,lf:1,lf_ui:9&rldoc=1#",4.2,20,Thursday,N/A,N/A,N/A,N/A,N/A,N/A,N/A,N/A,N/A,N/A,N/A,N/A,9,Usually not busy,14,Usually not busy,22,Usually not too busy,26,Usually not too busy,29,Usually not too busy,31,Usually not too busy,29,Usually not too busy,26,Usually not too busy,22,Usually not too busy,N/A,N/A,N/A,N/A,N/A,N/A,N/A,N/A,N/A,N/A,N/A,N/A,N/A,N/A,N/A,N/A,N/A,N/A
Senior Nacho,N/A,Takeout Restaurant,"2864 Foothill Blvd, La Crescenta, CA 91214","https://www.google.com/search?q=restaurants+near+me&npsic=0&rflfq=1&rlha=0&rllag=34217638,-118238355,1702&tbm=lcl&ved=2ahUKEwjs8PKTipPiAhUEKa0KHRsuAK4QjGp6BAgLEFE&tbs=lrf:!2m1!1e2!2m1!1e5!2m1!1e3!3sIAEqAlVT,lf:1,lf_ui:9&rldoc=1#",4.2,20,Friday,N/A,N/A,N/A,N/A,N/A,N/A,N/A,N/A,N/A,N/A,N/A,N/A,9,Usually not busy,14,Usually not busy,22,Usually not too busy,29,Usually not too busy,36,Usually not too busy,38,Usually a little busy,38,Usually a little busy,36,Usually not too busy,29,Usually not too busy,N/A,N/A,N/A,N/A,N/A,N/A,N/A,N/A,N/A,N/A,N/A,N/A,N/A,N/A,N/A,N/A,N/A,N/A
Senior Nacho,N/A,Takeout Restaurant,"2864 Foothill Blvd, La Crescenta, CA 91214","https://www.google.com/search?q=restaurants+near+me&npsic=0&rflfq=1&rlha=0&rllag=34217638,-118238355,1702&tbm=lcl&ved=2ahUKEwjs8PKTipPiAhUEKa0KHRsuAK4QjGp6BAgLEFE&tbs=lrf:!2m1!1e2!2m1!1e5!2m1!1e3!3sIAEqAlVT,lf:1,lf_ui:9&rldoc=1#",4.2,20,Saturday,N/A,N/A,N/A,N/A,N/A,N/A,N/A,N/A,N/A,N/A,N/A,N/A,14,Usually not busy,50,Usually a little busy,75,Usually as busy as it gets,60,Usually as busy as it gets,50,Usually a little busy,55,Usually a little busy,57,Usually a little busy,48,Usually a little busy,33,Usually not too busy,N/A,N/A,N/A,N/A,N/A,N/A,N/A,N/A,N/A,N/A,N/A,N/A,N/A,N/A,N/A,N/A,N/A,N/A
Senior Nacho,N/A,Takeout Restaurant,"2864 Foothill Blvd, La Crescenta, CA 91214","https://www.google.com/search?q=restaurants+near+me&npsic=0&rflfq=1&rlha=0&rllag=34217638,-118238355,1702&tbm=lcl&ved=2ahUKEwjs8PKTipPiAhUEKa0KHRsuAK4QjGp6BAgLEFE&tbs=lrf:!2m1!1e2!2m1!1e5!2m1!1e3!3sIAEqAlVT,lf:1,lf_ui:9&rldoc=1#",4.2,20,Sunday,N/A,N/A,N/A,N/A,N/A,N/A,N/A,N/A,N/A,N/A,N/A,N/A,N/A,N/A,N/A,N/A,N/A,N/A,N/A,N/A,N/A,N/A,N/A,N/A,N/A,N/A,N/A,N/A,N/A,N/A,N/A,N/A,N/A,N/A,N/A,N/A,N/A,N/A,N/A,N/A,N/A,N/A,N/A,N/A,N/A,N/A,N/A,N/A
Golden Fortune Express,N/A,Chinese restaurant,"2550 Foothill Blvd, La Crescenta, CA 91214","https://www.google.com/search?q=restaurants+near+me&npsic=0&rflfq=1&rlha=0&rllag=34217638,-118238355,1702&tbm=lcl&ved=2ahUKEwjs8PKTipPiAhUEKa0KHRsuAK4QjGp6BAgLEFE&tbs=lrf:!2m1!1e2!2m1!1e5!2m1!1e3!3sIAEqAlVT,lf:1,lf_ui:9&rldoc=1#",4.5,44,Monday,N/A,N/A,N/A,N/A,N/A,N/A,N/A,N/A,N/A,N/A,N/A,N/A,N/A,N/A,N/A,N/A,N/A,N/A,6,Usually not busy,47,Usually a little busy,75,Usually as busy as it gets,31,Usually not too busy,15,Usually not too busy,15,Usually not too busy,11,Usually not busy,14,Usually not busy,17,Usually not too busy,10,Usually not busy,2,Usually not busy,N/A,N/A,N/A,N/A,N/A,N/A,N/A,N/A
Golden Fortune Express,N/A,Chinese restaurant,"2550 Foothill Blvd, La Crescenta, CA 91214","https://www.google.com/search?q=restaurants+near+me&npsic=0&rflfq=1&rlha=0&rllag=34217638,-118238355,1702&tbm=lcl&ved=2ahUKEwjs8PKTipPiAhUEKa0KHRsuAK4QjGp6BAgLEFE&tbs=lrf:!2m1!1e2!2m1!1e5!2m1!1e3!3sIAEqAlVT,lf:1,lf_ui:9&rldoc=1#",4.5,44,Tuesday,N/A,N/A,N/A,N/A,N/A,N/A,N/A,N/A,N/A,N/A,N/A,N/A,N/A,N/A,N/A,N/A,N/A,N/A,17,Usually not too busy,35,Usually not too busy,38,Usually a little busy,22,Usually not too busy,12,Usually not busy,14,Usually not busy,15,Usually not too busy,12,Usually not busy,11,Usually not busy,12,Usually not busy,8,Usually not busy,N/A,N/A,N/A,N/A,N/A,N/A,N/A,N/A
Golden Fortune Express,N/A,Chinese restaurant,"2550 Foothill Blvd, La Crescenta, CA 91214","https://www.google.com/search?q=restaurants+near+me&npsic=0&rflfq=1&rlha=0&rllag=34217638,-118238355,1702&tbm=lcl&ved=2ahUKEwjs8PKTipPiAhUEKa0KHRsuAK4QjGp6BAgLEFE&tbs=lrf:!2m1!1e2!2m1!1e5!2m1!1e3!3sIAEqAlVT,lf:1,lf_ui:9&rldoc=1#",4.5,44,Wednesday,N/A,N/A,N/A,N/A,N/A,N/A,N/A,N/A,N/A,N/A,N/A,N/A,N/A,N/A,N/A,N/A,N/A,N/A,20,Usually not too busy,35,Usually not too busy,38,Usually a little busy,26,Usually not too busy,13,Usually not busy,11,Usually not busy,15,Usually not too busy,17,Usually not too busy,14,Usually not busy,8,Usually not busy,3,Usually not busy,N/A,N/A,N/A,N/A,N/A,N/A,N/A,N/A
Golden Fortune Express,N/A,Chinese restaurant,"2550 Foothill Blvd, La Crescenta, CA 91214","https://www.google.com/search?q=restaurants+near+me&npsic=0&rflfq=1&rlha=0&rllag=34217638,-118238355,1702&tbm=lcl&ved=2ahUKEwjs8PKTipPiAhUEKa0KHRsuAK4QjGp6BAgLEFE&tbs=lrf:!2m1!1e2!2m1!1e5!2m1!1e3!3sIAEqAlVT,lf:1,lf_ui:9&rldoc=1#",4.5,44,Thursday,N/A,N/A,N/A,N/A,N/A,N/A,N/A,N/A,N/A,N/A,N/A,N/A,N/A,N/A,N/A,N/A,N/A,N/A,8,Usually not busy,42,Usually a little busy,55,Usually a little busy,23,Usually not too busy,17,Usually not too busy,20,Usually not too busy,20,Usually not too busy,17,Usually not too busy,11,Usually not busy,6,Usually not busy,3,Usually not busy,N/A,N/A,N/A,N/A,N/A,N/A,N/A,N/A
Golden Fortune Express,N/A,Chinese restaurant,"2550 Foothill Blvd, La Crescenta, CA 91214","https://www.google.com/search?q=restaurants+near+me&npsic=0&rflfq=1&rlha=0&rllag=34217638,-118238355,1702&tbm=lcl&ved=2ahUKEwjs8PKTipPiAhUEKa0KHRsuAK4QjGp6BAgLEFE&tbs=lrf:!2m1!1e2!2m1!1e5!2m1!1e3!3sIAEqAlVT,lf:1,lf_ui:9&rldoc=1#",4.5,44,Friday,N/A,N/A,N/A,N/A,N/A,N/A,N/A,N/A,N/A,N/A,N/A,N/A,N/A,N/A,N/A,N/A,N/A,N/A,17,Usually not too busy,50,Usually a little busy,68,Usually as busy as it gets,44,Usually a little busy,15,Usually not too busy,9,Usually not busy,14,Usually not busy,20,Usually not too busy,19,Usually not too busy,14,Usually not busy,8,Usually not busy,N/A,N/A,N/A,N/A,N/A,N/A,N/A,N/A
Golden Fortune Express,N/A,Chinese restaurant,"2550 Foothill Blvd, La Crescenta, CA 91214","https://www.google.com/search?q=restaurants+near+me&npsic=0&rflfq=1&rlha=0&rllag=34217638,-118238355,1702&tbm=lcl&ved=2ahUKEwjs8PKTipPiAhUEKa0KHRsuAK4QjGp6BAgLEFE&tbs=lrf:!2m1!1e2!2m1!1e5!2m1!1e3!3sIAEqAlVT,lf:1,lf_ui:9&rldoc=1#",4.5,44,Saturday,N/A,N/A,N/A,N/A,N/A,N/A,N/A,N/A,N/A,N/A,N/A,N/A,N/A,N/A,N/A,N/A,N/A,N/A,12,Usually not busy,32,Usually not too busy,45,Usually a little busy,35,Usually not too busy,16,Usually not too busy,10,Usually not busy,13,Usually not busy,17,Usually not too busy,15,Usually not too busy,9,Usually not busy,3,Usually not busy,N/A,N/A,N/A,N/A,N/A,N/A,N/A,N/A
Golden Fortune Express,N/A,Chinese restaurant,"2550 Foothill Blvd, La Crescenta, CA 91214","https://www.google.com/search?q=restaurants+near+me&npsic=0&rflfq=1&rlha=0&rllag=34217638,-118238355,1702&tbm=lcl&ved=2ahUKEwjs8PKTipPiAhUEKa0KHRsuAK4QjGp6BAgLEFE&tbs=lrf:!2m1!1e2!2m1!1e5!2m1!1e3!3sIAEqAlVT,lf:1,lf_ui:9&rldoc=1#",4.5,44,Sunday,N/A,N/A,N/A,N/A,N/A,N/A,N/A,N/A,N/A,N/A,N/A,N/A,N/A,N/A,N/A,N/A,N/A,N/A,N/A,N/A,N/A,N/A,N/A,N/A,N/A,N/A,N/A,N/A,N/A,N/A,N/A,N/A,N/A,N/A,N/A,N/A,N/A,N/A,N/A,N/A,N/A,N/A,N/A,N/A,N/A,N/A,N/A,N/A
Gilligan's Irish Pub,$,Bar,"2959 Honolulu Ave, Glendale, CA 91214","https://www.google.com/search?q=restaurants+near+me&npsic=0&rflfq=1&rlha=0&rllag=34217638,-118238355,1702&tbm=lcl&ved=2ahUKEwjs8PKTipPiAhUEKa0KHRsuAK4QjGp6BAgLEFE&tbs=lrf:!2m1!1e2!2m1!1e5!2m1!1e3!3sIAEqAlVT,lf:1,lf_ui:9&rldoc=1#",4.4,86,Monday,12,Usually not busy,N/A,N/A,N/A,N/A,N/A,N/A,N/A,N/A,N/A,N/A,N/A,N/A,N/A,N/A,N/A,N/A,N/A,N/A,N/A,N/A,5,Usually not busy,9,Usually not busy,15,Usually not too busy,20,Usually not too busy,26,Usually not too busy,35,Usually not too busy,44,Usually a little busy,48,Usually a little busy,43,Usually a little busy,37,Usually not too busy,44,Usually a little busy,50,Usually a little busy,35,Usually not too busy
Gilligan's Irish Pub,$,Bar,"2959 Honolulu Ave, Glendale, CA 91214","https://www.google.com/search?q=restaurants+near+me&npsic=0&rflfq=1&rlha=0&rllag=34217638,-118238355,1702&tbm=lcl&ved=2ahUKEwjs8PKTipPiAhUEKa0KHRsuAK4QjGp6BAgLEFE&tbs=lrf:!2m1!1e2!2m1!1e5!2m1!1e3!3sIAEqAlVT,lf:1,lf_ui:9&rldoc=1#",4.4,86,Tuesday,9,Usually not busy,N/A,N/A,N/A,N/A,N/A,N/A,N/A,N/A,N/A,N/A,N/A,N/A,N/A,N/A,N/A,N/A,N/A,N/A,N/A,N/A,9,Usually not busy,15,Usually not too busy,22,Usually not too busy,27,Usually not too busy,29,Usually not too busy,29,Usually not too busy,27,Usually not too busy,25,Usually not too busy,26,Usually not too busy,29,Usually not too busy,30,Usually not too busy,26,Usually not too busy,17,Usually not too busy
Gilligan's Irish Pub,$,Bar,"2959 Honolulu Ave, Glendale, CA 91214","https://www.google.com/search?q=restaurants+near+me&npsic=0&rflfq=1&rlha=0&rllag=34217638,-118238355,1702&tbm=lcl&ved=2ahUKEwjs8PKTipPiAhUEKa0KHRsuAK4QjGp6BAgLEFE&tbs=lrf:!2m1!1e2!2m1!1e5!2m1!1e3!3sIAEqAlVT,lf:1,lf_ui:9&rldoc=1#",4.4,86,Wednesday,27,Usually not too busy,N/A,N/A,N/A,N/A,N/A,N/A,N/A,N/A,N/A,N/A,N/A,N/A,N/A,N/A,N/A,N/A,N/A,N/A,N/A,N/A,9,Usually not busy,17,Usually not too busy,24,Usually not too busy,26,Usually not too busy,25,Usually not too busy,32,Usually not too busy,53,Usually a little busy,74,Usually as busy as it gets,75,Usually as busy as it gets,67,Usually as busy as it gets,68,Usually as busy as it gets,69,Usually as busy as it gets,53,Usually a little busy
Gilligan's Irish Pub,$,Bar,"2959 Honolulu Ave, Glendale, CA 91214","https://www.google.com/search?q=restaurants+near+me&npsic=0&rflfq=1&rlha=0&rllag=34217638,-118238355,1702&tbm=lcl&ved=2ahUKEwjs8PKTipPiAhUEKa0KHRsuAK4QjGp6BAgLEFE&tbs=lrf:!2m1!1e2!2m1!1e5!2m1!1e3!3sIAEqAlVT,lf:1,lf_ui:9&rldoc=1#",4.4,86,Thursday,15,Usually not too busy,N/A,N/A,N/A,N/A,N/A,N/A,N/A,N/A,N/A,N/A,N/A,N/A,N/A,N/A,N/A,N/A,N/A,N/A,N/A,N/A,5,Usually not busy,9,Usually not busy,14,Usually not busy,20,Usually not too busy,26,Usually not too busy,35,Usually not too busy,44,Usually a little busy,50,Usually a little busy,50,Usually a little busy,50,Usually a little busy,54,Usually a little busy,50,Usually a little busy,34,Usually not too busy
Gilligan's Irish Pub,$,Bar,"2959 Honolulu Ave, Glendale, CA 91214","https://www.google.com/search?q=restaurants+near+me&npsic=0&rflfq=1&rlha=0&rllag=34217638,-118238355,1702&tbm=lcl&ved=2ahUKEwjs8PKTipPiAhUEKa0KHRsuAK4QjGp6BAgLEFE&tbs=lrf:!2m1!1e2!2m1!1e5!2m1!1e3!3sIAEqAlVT,lf:1,lf_ui:9&rldoc=1#",4.4,86,Friday,39,Usually a little busy,N/A,N/A,N/A,N/A,N/A,N/A,N/A,N/A,N/A,N/A,N/A,N/A,N/A,N/A,N/A,N/A,N/A,N/A,N/A,N/A,5,Usually not busy,10,Usually not busy,18,Usually not too busy,27,Usually not too busy,35,Usually not too busy,39,Usually a little busy,40,Usually a little busy,45,Usually a little busy,55,Usually a little busy,62,Usually as busy as it gets,61,Usually as busy as it gets,57,Usually a little busy,52,Usually a little busy
Gilligan's Irish Pub,$,Bar,"2959 Honolulu Ave, Glendale, CA 91214","https://www.google.com/search?q=restaurants+near+me&npsic=0&rflfq=1&rlha=0&rllag=34217638,-118238355,1702&tbm=lcl&ved=2ahUKEwjs8PKTipPiAhUEKa0KHRsuAK4QjGp6BAgLEFE&tbs=lrf:!2m1!1e2!2m1!1e5!2m1!1e3!3sIAEqAlVT,lf:1,lf_ui:9&rldoc=1#",4.4,86,Saturday,45,Usually a little busy,N/A,N/A,N/A,N/A,N/A,N/A,N/A,N/A,N/A,N/A,N/A,N/A,N/A,N/A,N/A,N/A,N/A,N/A,N/A,N/A,3,Usually not busy,9,Usually not busy,16,Usually not too busy,25,Usually not too busy,31,Usually not too busy,33,Usually not too busy,35,Usually not too busy,42,Usually a little busy,53,Usually a little busy,61,Usually as busy as it gets,59,Usually a little busy,62,Usually as busy as it gets,65,Usually as busy as it gets
Gilligan's Irish Pub,$,Bar,"2959 Honolulu Ave, Glendale, CA 91214","https://www.google.com/search?q=restaurants+near+me&npsic=0&rflfq=1&rlha=0&rllag=34217638,-118238355,1702&tbm=lcl&ved=2ahUKEwjs8PKTipPiAhUEKa0KHRsuAK4QjGp6BAgLEFE&tbs=lrf:!2m1!1e2!2m1!1e5!2m1!1e3!3sIAEqAlVT,lf:1,lf_ui:9&rldoc=1#",4.4,86,Sunday,18,Usually not too busy,N/A,N/A,N/A,N/A,N/A,N/A,N/A,N/A,N/A,N/A,N/A,N/A,N/A,N/A,N/A,N/A,N/A,N/A,N/A,N/A,7,Usually not busy,19,Usually not too busy,35,Usually not too busy,47,Usually a little busy,50,Usually a little busy,45,Usually a little busy,41,Usually a little busy,45,Usually a little busy,50,Usually a little busy,53,Usually a little busy,50,Usually a little busy,41,Usually a little busy,29,Usually not too busy
T-House Thai Cuisine,N/A,Thai restaurant,"3654 Foothill Blvd, Glendale, CA 91214",http://www.thousethaihalal.com/,4.5,44,Monday,N/A,N/A,N/A,N/A,N/A,N/A,N/A,N/A,N/A,N/A,N/A,N/A,N/A,N/A,N/A,N/A,N/A,N/A,N/A,N/A,N/A,N/A,N/A,N/A,N/A,N/A,N/A,N/A,N/A,N/A,N/A,N/A,N/A,N/A,N/A,N/A,N/A,N/A,N/A,N/A,N/A,N/A,N/A,N/A,N/A,N/A,N/A,N/A
T-House Thai Cuisine,N/A,Thai restaurant,"3654 Foothill Blvd, Glendale, CA 91214",http://www.thousethaihalal.com/,4.5,44,Tuesday,N/A,N/A,N/A,N/A,N/A,N/A,N/A,N/A,N/A,N/A,N/A,N/A,N/A,N/A,N/A,N/A,N/A,N/A,N/A,N/A,N/A,N/A,N/A,N/A,N/A,N/A,N/A,N/A,N/A,N/A,N/A,N/A,N/A,N/A,N/A,N/A,N/A,N/A,N/A,N/A,N/A,N/A,N/A,N/A,N/A,N/A,N/A,N/A
T-House Thai Cuisine,N/A,Thai restaurant,"3654 Foothill Blvd, Glendale, CA 91214",http://www.thousethaihalal.com/,4.5,44,Wednesday,N/A,N/A,N/A,N/A,N/A,N/A,N/A,N/A,N/A,N/A,N/A,N/A,N/A,N/A,N/A,N/A,N/A,N/A,N/A,N/A,N/A,N/A,N/A,N/A,N/A,N/A,N/A,N/A,N/A,N/A,N/A,N/A,N/A,N/A,N/A,N/A,N/A,N/A,N/A,N/A,N/A,N/A,N/A,N/A,N/A,N/A,N/A,N/A
T-House Thai Cuisine,N/A,Thai restaurant,"3654 Foothill Blvd, Glendale, CA 91214",http://www.thousethaihalal.com/,4.5,44,Thursday,N/A,N/A,N/A,N/A,N/A,N/A,N/A,N/A,N/A,N/A,N/A,N/A,N/A,N/A,N/A,N/A,N/A,N/A,N/A,N/A,N/A,N/A,N/A,N/A,N/A,N/A,N/A,N/A,N/A,N/A,N/A,N/A,N/A,N/A,N/A,N/A,N/A,N/A,N/A,N/A,N/A,N/A,N/A,N/A,N/A,N/A,N/A,N/A
T-House Thai Cuisine,N/A,Thai restaurant,"3654 Foothill Blvd, Glendale, CA 91214",http://www.thousethaihalal.com/,4.5,44,Friday,N/A,N/A,N/A,N/A,N/A,N/A,N/A,N/A,N/A,N/A,N/A,N/A,N/A,N/A,N/A,N/A,N/A,N/A,N/A,N/A,N/A,N/A,N/A,N/A,N/A,N/A,N/A,N/A,N/A,N/A,N/A,N/A,N/A,N/A,N/A,N/A,N/A,N/A,N/A,N/A,N/A,N/A,N/A,N/A,N/A,N/A,N/A,N/A
T-House Thai Cuisine,N/A,Thai restaurant,"3654 Foothill Blvd, Glendale, CA 91214",http://www.thousethaihalal.com/,4.5,44,Saturday,N/A,N/A,N/A,N/A,N/A,N/A,N/A,N/A,N/A,N/A,N/A,N/A,N/A,N/A,N/A,N/A,N/A,N/A,N/A,N/A,N/A,N/A,N/A,N/A,N/A,N/A,N/A,N/A,N/A,N/A,N/A,N/A,N/A,N/A,N/A,N/A,N/A,N/A,N/A,N/A,N/A,N/A,N/A,N/A,N/A,N/A,N/A,N/A
T-House Thai Cuisine,N/A,Thai restaurant,"3654 Foothill Blvd, Glendale, CA 91214",http://www.thousethaihalal.com/,4.5,44,Sunday,N/A,N/A,N/A,N/A,N/A,N/A,N/A,N/A,N/A,N/A,N/A,N/A,N/A,N/A,N/A,N/A,N/A,N/A,N/A,N/A,N/A,N/A,N/A,N/A,N/A,N/A,N/A,N/A,N/A,N/A,N/A,N/A,N/A,N/A,N/A,N/A,N/A,N/A,N/A,N/A,N/A,N/A,N/A,N/A,N/A,N/A,N/A,N/A
Jack in the Box,$,Fast food restaurant,"2225 Foothill Blvd, La Caada Flintridge, CA 91011",https://locations.jackinthebox.com/us/ca/la-canada/2225-foothill-blvd,4.1,237,Monday,1,Usually not busy,1,Usually not busy,1,Usually not busy,1,Usually not busy,1,Usually not busy,1,Usually not busy,8,Usually not busy,11,Usually not busy,12,Usually not busy,28,Usually not too busy,55,Usually a little busy,64,Usually as busy as it gets,44,Usually a little busy,20,Usually not too busy,11,Usually not busy,11,Usually not busy,14,Usually not busy,15,Usually not too busy,16,Usually not too busy,15,Usually not too busy,12,Usually not busy,9,Usually not busy,5,Usually not busy,2,Usually not busy
Jack in the Box,$,Fast food restaurant,"2225 Foothill Blvd, La Caada Flintridge, CA 91011",https://locations.jackinthebox.com/us/ca/la-canada/2225-foothill-blvd,4.1,237,Tuesday,1,Usually not busy,1,Usually not busy,1,Usually not busy,1,Usually not busy,1,Usually not busy,2,Usually not busy,9,Usually not busy,19,Usually not too busy,29,Usually not too busy,38,Usually a little busy,45,Usually a little busy,47,Usually a little busy,44,Usually a little busy,38,Usually a little busy,32,Usually not too busy,26,Usually not too busy,22,Usually not too busy,20,Usually not too busy,18,Usually not too busy,16,Usually not too busy,14,Usually not busy,10,Usually not busy,6,Usually not busy,2,Usually not busy
Jack in the Box,$,Fast food restaurant,"2225 Foothill Blvd, La Caada Flintridge, CA 91011",https://locations.jackinthebox.com/us/ca/la-canada/2225-foothill-blvd,4.1,237,Wednesday,1,Usually not busy,1,Usually not busy,1,Usually not busy,1,Usually not busy,1,Usually not busy,8,Usually not busy,15,Usually not too busy,17,Usually not too busy,19,Usually not too busy,25,Usually not too busy,35,Usually not too busy,39,Usually a little busy,36,Usually not too busy,29,Usually not too busy,22,Usually not too busy,20,Usually not too busy,20,Usually not too busy,20,Usually not too busy,20,Usually not too busy,18,Usually not too busy,15,Usually not too busy,11,Usually not busy,7,Usually not busy,2,Usually not busy
Jack in the Box,$,Fast food restaurant,"2225 Foothill Blvd, La Caada Flintridge, CA 91011",https://locations.jackinthebox.com/us/ca/la-canada/2225-foothill-blvd,4.1,237,Thursday,2,Usually not busy,1,Usually not busy,1,Usually not busy,1,Usually not busy,1,Usually not busy,6,Usually not busy,20,Usually not too busy,25,Usually not too busy,20,Usually not too busy,22,Usually not too busy,39,Usually a little busy,49,Usually a little busy,38,Usually a little busy,23,Usually not too busy,17,Usually not too busy,17,Usually not too busy,19,Usually not too busy,20,Usually not too busy,20,Usually not too busy,20,Usually not too busy,17,Usually not too busy,14,Usually not busy,10,Usually not busy,6,Usually not busy
Jack in the Box,$,Fast food restaurant,"2225 Foothill Blvd, La Caada Flintridge, CA 91011",https://locations.jackinthebox.com/us/ca/la-canada/2225-foothill-blvd,4.1,237,Friday,236,Usually not busy,3,Usually not busy,N/A,N/A,0,Usually not busy,0,Usually not busy,0,Usually not busy,15,Usually not too busy,28,Usually not too busy,16,Usually not too busy,24,Usually not too busy,56,Usually a little busy,75,Usually as busy as it gets,58,Usually a little busy,33,Usually not too busy,20,Usually not too busy,20,Usually not too busy,23,Usually not too busy,26,Usually not too busy,27,Usually not too busy,26,Usually not too busy,24,Usually not too busy,20,Usually not too busy,16,Usually not too busy,12,Usually not busy
Jack in the Box,$,Fast food restaurant,"2225 Foothill Blvd, La Caada Flintridge, CA 91011",https://locations.jackinthebox.com/us/ca/la-canada/2225-foothill-blvd,4.1,237,Saturday,17,Usually not too busy,8,Usually not busy,1,Usually not busy,1,Usually not busy,1,Usually not busy,4,Usually not busy,11,Usually not busy,20,Usually not too busy,31,Usually not too busy,41,Usually a little busy,47,Usually a little busy,48,Usually a little busy,44,Usually a little busy,36,Usually not too busy,26,Usually not too busy,17,Usually not too busy,9,Usually not busy,5,Usually not busy,4,Usually not busy,7,Usually not busy,14,Usually not busy,23,Usually not too busy,27,Usually not too busy,25,Usually not too busy
Jack in the Box,$,Fast food restaurant,"2225 Foothill Blvd, La Caada Flintridge, CA 91011",https://locations.jackinthebox.com/us/ca/la-canada/2225-foothill-blvd,4.1,237,Sunday,1,Usually not busy,1,Usually not busy,1,Usually not busy,1,Usually not busy,1,Usually not busy,1,Usually not busy,2,Usually not busy,8,Usually not busy,15,Usually not too busy,20,Usually not too busy,23,Usually not too busy,22,Usually not too busy,19,Usually not too busy,14,Usually not busy,9,Usually not busy,7,Usually not busy,8,Usually not busy,12,Usually not busy,17,Usually not too busy,20,Usually not too busy,20,Usually not too busy,17,Usually not too busy,11,Usually not busy,5,Usually not busy
Dream Dinners,$$,Takeout Restaurant,"4121 Pennsylvania Ave f, La Crescenta, CA 91214",http://dreamdinners.com/main.php?page=store&id=224,4.8,5,Monday,N/A,N/A,N/A,N/A,N/A,N/A,N/A,N/A,N/A,N/A,N/A,N/A,N/A,N/A,N/A,N/A,N/A,N/A,N/A,N/A,N/A,N/A,N/A,N/A,N/A,N/A,N/A,N/A,N/A,N/A,N/A,N/A,N/A,N/A,N/A,N/A,N/A,N/A,N/A,N/A,N/A,N/A,N/A,N/A,N/A,N/A,N/A,N/A
Dream Dinners,$$,Takeout Restaurant,"4121 Pennsylvania Ave f, La Crescenta, CA 91214",http://dreamdinners.com/main.php?page=store&id=224,4.8,5,Tuesday,N/A,N/A,N/A,N/A,N/A,N/A,N/A,N/A,N/A,N/A,N/A,N/A,N/A,N/A,N/A,N/A,N/A,N/A,N/A,N/A,N/A,N/A,N/A,N/A,N/A,N/A,N/A,N/A,N/A,N/A,N/A,N/A,N/A,N/A,N/A,N/A,N/A,N/A,N/A,N/A,N/A,N/A,N/A,N/A,N/A,N/A,N/A,N/A
Dream Dinners,$$,Takeout Restaurant,"4121 Pennsylvania Ave f, La Crescenta, CA 91214",http://dreamdinners.com/main.php?page=store&id=224,4.8,5,Wednesday,N/A,N/A,N/A,N/A,N/A,N/A,N/A,N/A,N/A,N/A,N/A,N/A,N/A,N/A,N/A,N/A,N/A,N/A,N/A,N/A,N/A,N/A,N/A,N/A,N/A,N/A,N/A,N/A,N/A,N/A,N/A,N/A,N/A,N/A,N/A,N/A,N/A,N/A,N/A,N/A,N/A,N/A,N/A,N/A,N/A,N/A,N/A,N/A
Dream Dinners,$$,Takeout Restaurant,"4121 Pennsylvania Ave f, La Crescenta, CA 91214",http://dreamdinners.com/main.php?page=store&id=224,4.8,5,Thursday,N/A,N/A,N/A,N/A,N/A,N/A,N/A,N/A,N/A,N/A,N/A,N/A,N/A,N/A,N/A,N/A,N/A,N/A,N/A,N/A,N/A,N/A,N/A,N/A,N/A,N/A,N/A,N/A,N/A,N/A,N/A,N/A,N/A,N/A,N/A,N/A,N/A,N/A,N/A,N/A,N/A,N/A,N/A,N/A,N/A,N/A,N/A,N/A
Dream Dinners,$$,Takeout Restaurant,"4121 Pennsylvania Ave f, La Crescenta, CA 91214",http://dreamdinners.com/main.php?page=store&id=224,4.8,5,Friday,N/A,N/A,N/A,N/A,N/A,N/A,N/A,N/A,N/A,N/A,N/A,N/A,N/A,N/A,N/A,N/A,N/A,N/A,N/A,N/A,N/A,N/A,N/A,N/A,N/A,N/A,N/A,N/A,N/A,N/A,N/A,N/A,N/A,N/A,N/A,N/A,N/A,N/A,N/A,N/A,N/A,N/A,N/A,N/A,N/A,N/A,N/A,N/A
Dream Dinners,$$,Takeout Restaurant,"4121 Pennsylvania Ave f, La Crescenta, CA 91214",http://dreamdinners.com/main.php?page=store&id=224,4.8,5,Saturday,N/A,N/A,N/A,N/A,N/A,N/A,N/A,N/A,N/A,N/A,N/A,N/A,N/A,N/A,N/A,N/A,N/A,N/A,N/A,N/A,N/A,N/A,N/A,N/A,N/A,N/A,N/A,N/A,N/A,N/A,N/A,N/A,N/A,N/A,N/A,N/A,N/A,N/A,N/A,N/A,N/A,N/A,N/A,N/A,N/A,N/A,N/A,N/A
Dream Dinners,$$,Takeout Restaurant,"4121 Pennsylvania Ave f, La Crescenta, CA 91214",http://dreamdinners.com/main.php?page=store&id=224,4.8,5,Sunday,N/A,N/A,N/A,N/A,N/A,N/A,N/A,N/A,N/A,N/A,N/A,N/A,N/A,N/A,N/A,N/A,N/A,N/A,N/A,N/A,N/A,N/A,N/A,N/A,N/A,N/A,N/A,N/A,N/A,N/A,N/A,N/A,N/A,N/A,N/A,N/A,N/A,N/A,N/A,N/A,N/A,N/A,N/A,N/A,N/A,N/A,N/A,N/A
IHOP,$,Restaurant,"6520 Foothill Blvd, Tujunga, CA 91042",https://www.ihop.com/en/restaurants-tujunga-ca/6520-foothill-blvd-795/?utm_source=Google&utm_medium=Maps&utm_campaign=Google+Places,4.0,380,Monday,3,Usually not busy,1,Usually not busy,1,Usually not busy,1,Usually not busy,1,Usually not busy,1,Usually not busy,1,Usually not busy,3,Usually not busy,10,Usually not busy,16,Usually not too busy,17,Usually not too busy,13,Usually not busy,6,Usually not busy,1,Usually not busy,1,Usually not busy,1,Usually not busy,1,Usually not busy,2,Usually not busy,2,Usually not busy,2,Usually not busy,2,Usually not busy,2,Usually not busy,2,Usually not busy,3,Usually not busy
IHOP,$,Restaurant,"6520 Foothill Blvd, Tujunga, CA 91042",https://www.ihop.com/en/restaurants-tujunga-ca/6520-foothill-blvd-795/?utm_source=Google&utm_medium=Maps&utm_campaign=Google+Places,4.0,380,Tuesday,1,Usually not busy,1,Usually not busy,1,Usually not busy,1,Usually not busy,1,Usually not busy,1,Usually not busy,1,Usually not busy,1,Usually not busy,4,Usually not busy,9,Usually not busy,11,Usually not busy,8,Usually not busy,4,Usually not busy,N/A,N/A,1,Usually not busy,1,Usually not busy,1,Usually not busy,2,Usually not busy,4,Usually not busy,5,Usually not busy,5,Usually not busy,5,Usually not busy,4,Usually not busy,2,Usually not busy
IHOP,$,Restaurant,"6520 Foothill Blvd, Tujunga, CA 91042",https://www.ihop.com/en/restaurants-tujunga-ca/6520-foothill-blvd-795/?utm_source=Google&utm_medium=Maps&utm_campaign=Google+Places,4.0,380,Wednesday,3,Usually not busy,2,Usually not busy,N/A,N/A,1,Usually not busy,1,Usually not busy,1,Usually not busy,N/A,N/A,3,Usually not busy,7,Usually not busy,9,Usually not busy,10,Usually not busy,8,Usually not busy,5,Usually not busy,2,Usually not busy,1,Usually not busy,1,Usually not busy,1,Usually not busy,5,Usually not busy,9,Usually not busy,4,Usually not busy,1,Usually not busy,2,Usually not busy,4,Usually not busy,4,Usually not busy
IHOP,$,Restaurant,"6520 Foothill Blvd, Tujunga, CA 91042",https://www.ihop.com/en/restaurants-tujunga-ca/6520-foothill-blvd-795/?utm_source=Google&utm_medium=Maps&utm_campaign=Google+Places,4.0,380,Thursday,1,Usually not busy,1,Usually not busy,1,Usually not busy,1,Usually not busy,1,Usually not busy,1,Usually not busy,1,Usually not busy,5,Usually not busy,11,Usually not busy,16,Usually not too busy,14,Usually not busy,9,Usually not busy,3,Usually not busy,1,Usually not busy,1,Usually not busy,N/A,N/A,2,Usually not busy,3,Usually not busy,5,Usually not busy,5,Usually not busy,5,Usually not busy,5,Usually not busy,4,Usually not busy,2,Usually not busy
IHOP,$,Restaurant,"6520 Foothill Blvd, Tujunga, CA 91042",https://www.ihop.com/en/restaurants-tujunga-ca/6520-foothill-blvd-795/?utm_source=Google&utm_medium=Maps&utm_campaign=Google+Places,4.0,380,Friday,7,Usually not busy,4,Usually not busy,2,Usually not busy,0,Usually not busy,0,Usually not busy,0,Usually not busy,0,Usually not busy,5,Usually not busy,10,Usually not busy,13,Usually not busy,13,Usually not busy,9,Usually not busy,4,Usually not busy,N/A,N/A,0,Usually not busy,0,Usually not busy,0,Usually not busy,2,Usually not busy,5,Usually not busy,8,Usually not busy,10,Usually not busy,12,Usually not busy,11,Usually not busy,10,Usually not busy
IHOP,$,Restaurant,"6520 Foothill Blvd, Tujunga, CA 91042",https://www.ihop.com/en/restaurants-tujunga-ca/6520-foothill-blvd-795/?utm_source=Google&utm_medium=Maps&utm_campaign=Google+Places,4.0,380,Saturday,6,Usually not busy,4,Usually not busy,1,Usually not busy,1,Usually not busy,1,Usually not busy,2,Usually not busy,11,Usually not busy,24,Usually not too busy,41,Usually a little busy,53,Usually a little busy,53,Usually a little busy,43,Usually a little busy,26,Usually not too busy,12,Usually not busy,3,Usually not busy,1,Usually not busy,1,Usually not busy,2,Usually not busy,4,Usually not busy,7,Usually not busy,9,Usually not busy,10,Usually not busy,10,Usually not busy,8,Usually not busy
IHOP,$,Restaurant,"6520 Foothill Blvd, Tujunga, CA 91042",https://www.ihop.com/en/restaurants-tujunga-ca/6520-foothill-blvd-795/?utm_source=Google&utm_medium=Maps&utm_campaign=Google+Places,4.0,380,Sunday,1,Usually not busy,N/A,N/A,1,Usually not busy,1,Usually not busy,1,Usually not busy,N/A,N/A,7,Usually not busy,23,Usually not too busy,48,Usually a little busy,71,Usually as busy as it gets,75,Usually as busy as it gets,58,Usually not too busy,32,Usually not too busy,14,Usually not busy,5,Usually not busy,2,Usually not busy,2,Usually not busy,3,Usually not busy,4,Usually not busy,4,Usually not busy,4,Usually not busy,4,Usually not busy,3,Usually not busy,2,Usually not busy
Tickle Tree Caf,$$,Cafe,"2853 Foothill Blvd, La Crescenta, CA 91214",http://www.tickletree.cafe/,4.5,331,Monday,N/A,N/A,N/A,N/A,N/A,N/A,N/A,N/A,N/A,N/A,N/A,N/A,7,Usually not busy,17,Usually not too busy,31,Usually not too busy,46,Usually a little busy,54,Usually a little busy,52,Usually a little busy,41,Usually a little busy,29,Usually not too busy,23,Usually not too busy,23,Usually not too busy,25,Usually not too busy,23,Usually not too busy,17,Usually not too busy,9,Usually not busy,N/A,N/A,N/A,N/A,N/A,N/A,N/A,N/A
Tickle Tree Caf,$$,Cafe,"2853 Foothill Blvd, La Crescenta, CA 91214",http://www.tickletree.cafe/,4.5,331,Tuesday,N/A,N/A,N/A,N/A,N/A,N/A,N/A,N/A,N/A,N/A,N/A,N/A,7,Usually not busy,26,Usually not too busy,44,Usually a little busy,39,Usually a little busy,39,Usually a little busy,53,Usually a little busy,52,Usually a little busy,33,Usually not too busy,17,Usually not too busy,13,Usually not busy,17,Usually not too busy,22,Usually not too busy,20,Usually not too busy,14,Usually not busy,N/A,N/A,N/A,N/A,N/A,N/A,N/A,N/A
Tickle Tree Caf,$$,Cafe,"2853 Foothill Blvd, La Crescenta, CA 91214",http://www.tickletree.cafe/,4.5,331,Wednesday,N/A,N/A,N/A,N/A,N/A,N/A,N/A,N/A,N/A,N/A,N/A,N/A,1,Usually not busy,17,Usually not too busy,43,Usually a little busy,22,Usually not too busy,27,Usually not too busy,36,Usually not too busy,39,Usually a little busy,35,Usually not too busy,28,Usually not too busy,25,Usually not too busy,24,Usually not too busy,22,Usually not too busy,16,Usually not too busy,8,Usually not busy,N/A,N/A,N/A,N/A,N/A,N/A,N/A,N/A
Tickle Tree Caf,$$,Cafe,"2853 Foothill Blvd, La Crescenta, CA 91214",http://www.tickletree.cafe/,4.5,331,Thursday,N/A,N/A,N/A,N/A,N/A,N/A,N/A,N/A,N/A,N/A,N/A,N/A,2,Usually not busy,24,Usually not too busy,56,Usually a little busy,42,Usually a little busy,33,Usually not too busy,40,Usually a little busy,40,Usually a little busy,35,Usually not too busy,32,Usually not too busy,35,Usually not too busy,38,Usually a little busy,35,Usually not too busy,26,Usually not too busy,14,Usually not busy,N/A,N/A,N/A,N/A,N/A,N/A,N/A,N/A
Tickle Tree Caf,$$,Cafe,"2853 Foothill Blvd, La Crescenta, CA 91214",http://www.tickletree.cafe/,4.5,331,Friday,N/A,N/A,N/A,N/A,N/A,N/A,N/A,N/A,N/A,N/A,N/A,N/A,8,Usually not busy,18,Usually not too busy,33,Usually not too busy,50,Usually a little busy,61,Usually as busy as it gets,63,Usually as busy as it gets,54,Usually a little busy,40,Usually a little busy,26,Usually not too busy,20,Usually not too busy,22,Usually not too busy,26,Usually not too busy,28,Usually not too busy,23,Usually not too busy,14,Usually not busy,N/A,N/A,N/A,N/A,N/A,N/A
Tickle Tree Caf,$$,Cafe,"2853 Foothill Blvd, La Crescenta, CA 91214",http://www.tickletree.cafe/,4.5,331,Saturday,N/A,N/A,N/A,N/A,N/A,N/A,N/A,N/A,N/A,N/A,N/A,N/A,9,Usually not busy,27,Usually not too busy,51,Usually a little busy,70,Usually as busy as it gets,75,Usually as busy as it gets,67,Usually as busy as it gets,60,Usually as busy as it gets,54,Usually a little busy,44,Usually a little busy,33,Usually not too busy,27,Usually not too busy,30,Usually not too busy,33,Usually not too busy,27,Usually not too busy,14,Usually not busy,N/A,N/A,N/A,N/A,N/A,N/A
Tickle Tree Caf,$$,Cafe,"2853 Foothill Blvd, La Crescenta, CA 91214",http://www.tickletree.cafe/,4.5,331,Sunday,N/A,N/A,N/A,N/A,N/A,N/A,N/A,N/A,N/A,N/A,N/A,N/A,1,Usually not busy,11,Usually not busy,42,Usually a little busy,74,Usually as busy as it gets,70,Usually as busy as it gets,55,Usually a little busy,59,Usually a little busy,54,Usually a little busy,29,Usually not too busy,N/A,N/A,N/A,N/A,N/A,N/A,N/A,N/A,N/A,N/A,N/A,N/A,N/A,N/A,N/A,N/A,N/A,N/A
